image_id,objects,relationships
770,"[{'object_id': 1637131, 'name': 'crosswalk', 'bbox': [38, 453, 785, 586], 'area': 99351, 'attributes': ['red', ' brick']}, {'object_id': 1637153, 'name': 'truck', 'bbox': [388, 300, 717, 496], 'area': 64484, 'attributes': ['white', ' van', ' mercedes']}, {'object_id': 1637140, 'name': 'van', 'bbox': [395, 307, 719, 497], 'area': 61560, 'attributes': ['white', ' parked']}, {'object_id': 1637146, 'name': 'car', 'bbox': [163, 353, 401, 493], 'area': 33320, 'attributes': ['parked', ' gray', ' small']}, {'object_id': 1637145, 'name': 'car', 'bbox': [150, 368, 407, 484], 'area': 29812, 'attributes': ['gray', ' parked']}]",[]
861,"[{'object_id': 1030020, 'name': 'building', 'bbox': [69, 0, 796, 318], 'area': 231186, 'attributes': ['busy', ' crowded', ' narrow', ' covered']}, {'object_id': 1030014, 'name': 'tiles', 'bbox': [176, 315, 694, 599], 'area': 147112, 'attributes': ['brown', ' square', ' ceramic']}, {'object_id': 1030022, 'name': 'awning', 'bbox': [41, 0, 537, 269], 'area': 133424, 'attributes': ['clear', ' plastic', ' slanted']}, {'object_id': 1030024, 'name': 'cotton candy', 'bbox': [3, 225, 68, 404], 'area': 11635, 'attributes': ['pink', ' fluffy', ' delicious']}, {'object_id': 1030044, 'name': 'shutters', 'bbox': [423, 139, 552, 198], 'area': 7611, 'attributes': ['green', ' open']}]",[]
1017,"[{'object_id': 1541014, 'name': 'artwork', 'bbox': [3, 3, 457, 388], 'area': 174790, 'attributes': ['interesting', ' abstract', ' framed']}, {'object_id': 3532856, 'name': 'pictures', 'bbox': [1, 0, 453, 386], 'area': 174472, 'attributes': ['interesting', ' varied', ' small', ' contemporary']}, {'object_id': 1541015, 'name': 'black frame', 'bbox': [3, 67, 216, 342], 'area': 58575, 'attributes': ['black', ' empty', ' picture']}, {'object_id': 1541018, 'name': 'black artwork', 'bbox': [3, 62, 205, 345], 'area': 57166, 'attributes': ['black', ' framed']}, {'object_id': 3568085, 'name': 'background', 'bbox': [7, 85, 196, 314], 'area': 43281, 'attributes': ['beige', ' textured']}]","[{'subject_id': 3568085, 'object_id': 1541018, 'relationships': ['behind']}]"
2748,"[{'object_id': 1034635, 'name': 'trees', 'bbox': [124, 74, 775, 350], 'area': 179676, 'attributes': ['green', ' tall']}, {'object_id': 1034632, 'name': 'outside', 'bbox': [29, 20, 743, 227], 'area': 147798, 'attributes': ['green', ' lush', ' spacious']}, {'object_id': 1034626, 'name': 'evergreens', 'bbox': [463, 45, 690, 363], 'area': 72186, 'attributes': ['tall', ' green']}, {'object_id': 1034634, 'name': 'lawn', 'bbox': [82, 318, 795, 416], 'area': 69874, 'attributes': ['green', ' grassy', ' long']}, {'object_id': 1034625, 'name': 'path', 'bbox': [107, 355, 796, 432], 'area': 53053, 'attributes': ['concrete', ' wide', ' curved']}]","[{'subject_id': 1034645, 'object_id': 1034635, 'relationships': ['on', ' part of']}, {'subject_id': 1034624, 'object_id': 1034633, 'relationships': ['next to', ' on']}, {'subject_id': 1034633, 'object_id': 1034627, 'relationships': ['next to', ' beside']}, {'subject_id': 1034624, 'object_id': 1034625, 'relationships': ['next to']}]"
3891,"[{'object_id': 4355114, 'name': 'water', 'bbox': [6, 231, 797, 599], 'area': 291088, 'attributes': ['blue', ' wavy', ' vast']}, {'object_id': 4355177, 'name': 'ships', 'bbox': [45, 130, 666, 463], 'area': 206793, 'attributes': ['gray', ' large', ' aircraft', ' carriers']}, {'object_id': 4556214, 'name': 'boat', 'bbox': [45, 144, 690, 464], 'area': 206400, 'attributes': ['gray', ' large', ' aircraft', ' carrier']}, {'object_id': 4355172, 'name': 'sky', 'bbox': [1, 6, 795, 257], 'area': 199294, 'attributes': ['gray', ' large', ' aircraft', ' carrier']}, {'object_id': 4355112, 'name': 'boats', 'bbox': [56, 130, 684, 441], 'area': 195308, 'attributes': ['gray', ' large', ' aircraft', ' carriers']}]","[{'subject_id': 4355161, 'object_id': 4355122, 'relationships': ['in', ' front of', ' above']}, {'subject_id': 4355171, 'object_id': 4355172, 'relationships': ['in']}, {'subject_id': 4355180, 'object_id': 4355181, 'relationships': ['in', ' within']}, {'subject_id': 4355190, 'object_id': 4355191, 'relationships': ['in', ' below']}, {'subject_id': 4355186, 'object_id': 4355187, 'relationships': ['in', ' front of']}, {'subject_id': 4355173, 'object_id': 4355174, 'relationships': ['in', ' front of', ' behind', ' above', ' under']}, {'subject_id': 4355182, 'object_id': 4355183, 'relationships': ['in', ' front of']}, {'subject_id': 4355113, 'object_id': 4355114, 'relationships': ['on', ' in']}, {'subject_id': 4355159, 'object_id': 4355114, 'relationships': ['on', ' in']}, {'subject_id': 4355178, 'object_id': 4355179, 'relationships': ['in', ' front of', ' behind', ' above']}, {'subject_id': 4355115, 'object_id': 4355114, 'relationships': ['on', ' in']}, {'subject_id': 4355164, 'object_id': 4355122, 'relationships': ['in', ' front of']}, {'subject_id': 4355166, 'object_id': 4355122, 'relationships': ['in', ' front of']}, {'subject_id': 4355189, 'object_id': 4355188, 'relationships': ['in', ' below']}, {'subject_id': 4355176, 'object_id': 4355175, 'relationships': ['in', ' front of']}, {'subject_id': 4355112, 'object_id': 4355114, 'relationships': ['on', ' in']}, {'subject_id': 4355184, 'object_id': 4355185, 'relationships': ['in', ' below']}]"
150259,"[{'object_id': 1073865, 'name': 'floor', 'bbox': [2, 789, 613, 1021], 'area': 141752, 'attributes': ['tiled', ' pink', ' square']}, {'object_id': 1073877, 'name': 'cabinets', 'bbox': [166, 107, 676, 377], 'area': 137700, 'attributes': ['off-white', ' wooden', ' wall-mounted']}, {'object_id': 1073864, 'name': 'backsplash', 'bbox': [0, 378, 659, 553], 'area': 115325, 'attributes': ['beige', ' ceramic']}, {'object_id': 1073881, 'name': 'drawer', 'bbox': [407, 569, 638, 761], 'area': 44352, 'attributes': ['closed', ' white']}, {'object_id': 1073862, 'name': 'refrigerator', 'bbox': [1, 602, 142, 884], 'area': 39762, 'attributes': ['small', ' white', ' under-counter']}]","[{'subject_id': 1073880, 'object_id': 1073881, 'relationships': ['attached to']}, {'subject_id': 1073860, 'object_id': 1073864, 'relationships': ['hanging on']}, {'subject_id': 1073855, 'object_id': 1073865, 'relationships': ['on', ' above']}, {'subject_id': 1073856, 'object_id': 1073857, 'relationships': ['in']}, {'subject_id': 1073885, 'object_id': 1073855, 'relationships': ['in']}, {'subject_id': 1073868, 'object_id': 1073857, 'relationships': ['in']}, {'subject_id': 1073878, 'object_id': 1073879, 'relationships': ['attached to']}]"
1160221,"[{'object_id': 1603022, 'name': 'snow', 'bbox': [6, 287, 323, 709], 'area': 133774, 'attributes': ['white', ' powdery', ' fresh']}, {'object_id': 1603017, 'name': 'snow', 'bbox': [15, 292, 300, 697], 'area': 115425, 'attributes': ['packed', ' white']}, {'object_id': 1603021, 'name': 'snow', 'bbox': [701, 301, 1021, 649], 'area': 111360, 'attributes': ['white', ' packed']}, {'object_id': 1603011, 'name': 'snowboard', 'bbox': [95, 641, 1001, 760], 'area': 107814, 'attributes': ['red', ' snowboard']}, {'object_id': 1603026, 'name': 'snowboard', 'bbox': [108, 650, 1022, 767], 'area': 106938, 'attributes': ['red', ' snowboard']}]",[]
1591952,"[{'object_id': 1605478, 'name': 'scarf', 'bbox': [557, 112, 741, 635], 'area': 96232, 'attributes': ['red', ' orange']}, {'object_id': 1605480, 'name': 'shirt', 'bbox': [842, 165, 1004, 640], 'area': 76950, 'attributes': ['shirt: white', ' collared', ' short-sleeve', ' untucked']}, {'object_id': 3707994, 'name': 'shirt', 'bbox': [348, 117, 502, 396], 'area': 42966, 'attributes': ['shirt: yellow', ' short-sleeve', ' collared', ' printed']}, {'object_id': 1605476, 'name': 'purse', 'bbox': [706, 201, 754, 388], 'area': 8976, 'attributes': ['black', ' rectangular', ' shiny', ' leather']}]",[]
1592428,"[{'object_id': 4443084, 'name': 'people', 'bbox': [246, 83, 670, 526], 'area': 187832, 'attributes': ['people: standing', ' working', ' casual']}, {'object_id': 4443089, 'name': 'chair', 'bbox': [618, 243, 906, 678], 'area': 125280, 'attributes': ['beige', ' stuffed', ' teddy bear']}, {'object_id': 4443078, 'name': 'bear', 'bbox': [609, 231, 886, 644], 'area': 114401, 'attributes': ['beige', ' plush', ' stuffed', ' sitting', ' small', ' bowtie']}, {'object_id': 4443092, 'name': 'curtain', 'bbox': [652, 5, 990, 340], 'area': 113230, 'attributes': ['beige', ' teddy bear', ' stuffed']}, {'object_id': 4443060, 'name': 'bear', 'bbox': [621, 224, 877, 614], 'area': 99840, 'attributes': ['brown', ' plush', ' stuffed', ' cute']}]",[]
1592852,"[{'object_id': 1613634, 'name': 'person', 'bbox': [72, 12, 662, 652], 'area': 377600, 'attributes': ['person: Indian', ' male', ' young', ' professional', ' confident']}, {'object_id': 1613644, 'name': 'tie', 'bbox': [227, 200, 660, 741], 'area': 234253, 'attributes': ['man', ' brown', ' white', ' gray', ' black']}, {'object_id': 1613638, 'name': 'headphones', 'bbox': [248, 191, 566, 302], 'area': 35298, 'attributes': ['black', ' over-the-ear']}, {'object_id': 1613645, 'name': 'design', 'bbox': [14, 483, 221, 640], 'area': 32499, 'attributes': ['brown', ' wooden']}, {'object_id': 1613651, 'name': 'paint', 'bbox': [748, 246, 982, 374], 'area': 29952, 'attributes': ['yellow', ' splotchy']}]",[]
2412733,"[{'object_id': 3803326, 'name': 'boy', 'bbox': [2, 210, 498, 399], 'area': 93744, 'attributes': ['boy: sleeping', ' peaceful', ' unaware']}, {'object_id': 3803327, 'name': 'couch', 'bbox': [132, 41, 476, 175], 'area': 46096, 'attributes': ['brown', ' soft', ' comfortable']}, {'object_id': 3803329, 'name': 'ottoman', 'bbox': [222, 128, 482, 288], 'area': 41600, 'attributes': ['brown', ' striped', ' square', ' upholstered']}, {'object_id': 1618076, 'name': 'pants', 'bbox': [338, 218, 498, 399], 'area': 28960, 'attributes': ['plaid', ' blue', ' red']}, {'object_id': 187983, 'name': 'ottoman', 'bbox': [232, 129, 475, 242], 'area': 27459, 'attributes': ['brown', ' striped', ' square', ' upholstered']}]","[{'subject_id': 3803326, 'object_id': 3803324, 'relationships': ['on', ' above']}, {'subject_id': 187982, 'object_id': 187987, 'relationships': ['under', ' covered by']}, {'subject_id': 3803326, 'object_id': 187990, 'relationships': ['wears']}, {'subject_id': 1618086, 'object_id': 3803327, 'relationships': ['on', ' with', ' near']}]"
2410992,"[{'object_id': 317921, 'name': 'sky', 'bbox': [6, 1, 499, 244], 'area': 119799, 'attributes': ['snowy', ' cold', ' white', ' winter']}, {'object_id': 317940, 'name': 'ski lift', 'bbox': [3, 3, 232, 249], 'area': 56334, 'attributes': ['The specified object is a picture of two children on a snowy mountainside. The adjectives that describe it are: snowy', ' mountainous', ' cold', ' wintery', ' icy', ' windy', ' bright', ' sunny', ' clear', ' beautiful', ' peaceful', ' serene', ' tranquil', ' still', ' silent', ' motionless', ' breathtaking', ' picturesque', ' idyllic', ' enchanting', ' magical', ' wondrous', ' awe-inspiring', ' magnificent', ' majestic', ' sublime', ' overwhelming', ' unforgettable.']}, {'object_id': 317927, 'name': 'snow', 'bbox': [1, 235, 496, 330], 'area': 47025, 'attributes': ['white', ' glistening', ' cold']}, {'object_id': 317928, 'name': 'wire', 'bbox': [31, 0, 230, 203], 'area': 40397, 'attributes': ['Two boys', ' one in a blue and white jacket and the other in a black jacket', ' are skiing down a snow-covered slope.']}, {'object_id': 317929, 'name': 'ground', 'bbox': [4, 243, 497, 320], 'area': 37961, 'attributes': ['snowy', ' white']}]","[{'subject_id': 317930, 'object_id': 317935, 'relationships': ['wearing']}, {'subject_id': 317940, 'object_id': 317939, 'relationships': ['near']}, {'subject_id': 317923, 'object_id': 317932, 'relationships': ['worn by']}, {'subject_id': 317938, 'object_id': 317927, 'relationships': ['on', ' above', ' touching']}, {'subject_id': 317928, 'object_id': 317940, 'relationships': ['attached to']}, {'subject_id': 317932, 'object_id': 317937, 'relationships': ['holding']}, {'subject_id': 317922, 'object_id': 317930, 'relationships': ['worn by']}, {'subject_id': 317940, 'object_id': 317938, 'relationships': ['near', ' above']}, {'subject_id': 317926, 'object_id': 317921, 'relationships': ['in']}, {'subject_id': 317927, 'object_id': 317929, 'relationships': ['on', ' above', ' covering']}, {'subject_id': 317938, 'object_id': 317935, 'relationships': ['wearing']}, {'subject_id': 317935, 'object_id': 317936, 'relationships': ['on', ' under', ' inside']}, {'subject_id': 317938, 'object_id': 317922, 'relationships': ['wearing']}, {'subject_id': 317932, 'object_id': 317936, 'relationships': ['wearing']}, {'subject_id': 317946, 'object_id': 317947, 'relationships': ['on']}]"
2410848,"[{'object_id': 319692, 'name': 'bed', 'bbox': [3, 10, 498, 403], 'area': 194535, 'attributes': ['plaid', ' messy', ' unmade']}, {'object_id': 319694, 'name': 'dog', 'bbox': [72, 102, 337, 347], 'area': 64925, 'attributes': ['brown', ' sitting', ' fat', ' shiba inu']}, {'object_id': 319691, 'name': 'dog', 'bbox': [356, 133, 457, 338], 'area': 20705, 'attributes': ['dog: brown', ' sitting', ' happy']}, {'object_id': 319697, 'name': 'pillow', 'bbox': [7, 14, 197, 100], 'area': 16340, 'attributes': ['white', ' fluffy', ' soft']}, {'object_id': 319693, 'name': 'bedspread', 'bbox': [76, 126, 189, 200], 'area': 8362, 'attributes': ['gingham', ' blue', ' white']}]","[{'subject_id': 319691, 'object_id': 319692, 'relationships': ['on', ' above']}, {'subject_id': 319689, 'object_id': 319698, 'relationships': ['attached to']}, {'subject_id': 319697, 'object_id': 319692, 'relationships': ['on', ' above']}, {'subject_id': 319694, 'object_id': 319699, 'relationships': ['has']}, {'subject_id': 319694, 'object_id': 319692, 'relationships': ['on', ' above']}, {'subject_id': 319699, 'object_id': 319691, 'relationships': ['part of']}]"
2410166,"[{'object_id': 224415, 'name': 'asphalt', 'bbox': [1, 1, 498, 141], 'area': 69580, 'attributes': ['tennis court: green', ' hard', ' rectangular']}, {'object_id': 224430, 'name': 'lines', 'bbox': [2, 143, 282, 332], 'area': 52920, 'attributes': ['white', ' parallel', ' four']}, {'object_id': 224420, 'name': 'tennis court', 'bbox': [2, 148, 270, 332], 'area': 49312, 'attributes': ['tennis court: blue', ' hard', ' rectangular']}, {'object_id': 224438, 'name': 'line', 'bbox': [194, 143, 282, 333], 'area': 16720, 'attributes': ['white', ' parallel', ' close']}, {'object_id': 224429, 'name': 'dress', 'bbox': [207, 148, 268, 222], 'area': 4514, 'attributes': ['white', ' short', ' pleated']}]","[{'subject_id': 224414, 'object_id': 224415, 'relationships': ['on']}, {'subject_id': 224414, 'object_id': 224420, 'relationships': ['on', ' marking']}]"
2406384,"[{'object_id': 369369, 'name': 'ground', 'bbox': [0, 0, 499, 330], 'area': 164670, 'attributes': ['brown', ' corduroy', ' worn']}, {'object_id': 369364, 'name': 'dog', 'bbox': [207, 79, 499, 330], 'area': 73292, 'attributes': ['dog: brown', ' wearing hat']}, {'object_id': 369365, 'name': 'hat', 'bbox': [206, 11, 467, 201], 'area': 49590, 'attributes': ['brown', ' corduroy', ' worn']}, {'object_id': 369375, 'name': 'tongue', 'bbox': [228, 195, 293, 232], 'area': 2405, 'attributes': ['pink', ' wet']}, {'object_id': 369367, 'name': 'eye', 'bbox': [327, 125, 360, 148], 'area': 759, 'attributes': ['brown', ' happy', ' dog', ' wearing', ' hat']}]","[{'subject_id': 369364, 'object_id': 369365, 'relationships': ['wearing']}, {'subject_id': 369364, 'object_id': 369368, 'relationships': ['has']}, {'subject_id': 369364, 'object_id': 369367, 'relationships': ['has']}]"
2406152,"[{'object_id': 1103314, 'name': 'bed frame', 'bbox': [106, 26, 368, 457], 'area': 112922, 'attributes': ['wooden', ' brown']}, {'object_id': 1103320, 'name': 'bedspread', 'bbox': [77, 135, 361, 298], 'area': 46292, 'attributes': ['green', ' quilted', ' unmade']}, {'object_id': 1103325, 'name': 'computer desk', 'bbox': [12, 73, 154, 284], 'area': 29962, 'attributes': ['brown', ' wooden', ' cluttered']}, {'object_id': 1103319, 'name': 'carrying case', 'bbox': [77, 347, 204, 490], 'area': 18161, 'attributes': ['black', ' open', ' laptop']}, {'object_id': 1103330, 'name': 'backpack', 'bbox': [270, 243, 369, 413], 'area': 16830, 'attributes': ['blue', ' unzipped', ' hanging']}]","[{'subject_id': 1103315, 'object_id': 1103317, 'relationships': ['next to']}, {'subject_id': 1103331, 'object_id': 1103325, 'relationships': ['on', ' above']}, {'subject_id': 1103328, 'object_id': 1103329, 'relationships': ['connected to']}, {'subject_id': 1103324, 'object_id': 1103325, 'relationships': ['on', ' above']}, {'subject_id': 1103332, 'object_id': 1103328, 'relationships': ['under']}, {'subject_id': 1103330, 'object_id': 1103333, 'relationships': ['leaning against']}, {'subject_id': 1103327, 'object_id': 1103322, 'relationships': ['on', ' above']}]"
2404959,"[{'object_id': 655429, 'name': 'sky', 'bbox': [2, 1, 371, 141], 'area': 51660, 'attributes': ['busy', ' colorful', ' crowded']}, {'object_id': 655413, 'name': 'ground', 'bbox': [2, 386, 371, 499], 'area': 41697, 'attributes': ['asphalt', ' wet']}, {'object_id': 655402, 'name': 'umbrella', 'bbox': [76, 144, 302, 282], 'area': 31188, 'attributes': ['green', ' white', ' large', ' open']}, {'object_id': 655433, 'name': 'roof', 'bbox': [1, 129, 358, 179], 'area': 17850, 'attributes': ['red', ' corrugated', ' metal']}, {'object_id': 655399, 'name': 'banner', 'bbox': [47, 69, 296, 134], 'area': 16185, 'attributes': ['blue', ' white', ' rectangular', ' hanging']}]","[{'subject_id': 655402, 'object_id': 655412, 'relationships': ['above', ' shading']}, {'subject_id': 655431, 'object_id': 655402, 'relationships': ['under']}, {'subject_id': 655412, 'object_id': 655407, 'relationships': ['in']}, {'subject_id': 655423, 'object_id': 655413, 'relationships': ['on']}, {'subject_id': 655421, 'object_id': 655422, 'relationships': ['sitting on']}, {'subject_id': 655411, 'object_id': 655402, 'relationships': ['under']}, {'subject_id': 655401, 'object_id': 655413, 'relationships': ['on', ' above']}, {'subject_id': 655402, 'object_id': 655411, 'relationships': ['above', ' covering']}, {'subject_id': 655402, 'object_id': 655410, 'relationships': ['above']}, {'subject_id': 655421, 'object_id': 655432, 'relationships': ['wearing']}, {'subject_id': 655402, 'object_id': 655409, 'relationships': ['above', ' over']}]"
2403624,"[{'object_id': 380560, 'name': 'sky', 'bbox': [0, 1, 500, 236], 'area': 117500, 'attributes': ['blue', ' cloudy', ' bright']}, {'object_id': 380559, 'name': 'clouds', 'bbox': [131, 38, 500, 206], 'area': 61992, 'attributes': ['wispy', ' white', ' fluffy']}, {'object_id': 380557, 'name': 'sand', 'bbox': [0, 251, 499, 374], 'area': 61377, 'attributes': ['wet', ' packed']}, {'object_id': 380561, 'name': 'trees', 'bbox': [0, 209, 500, 255], 'area': 23000, 'attributes': ['green', ' tall']}, {'object_id': 380558, 'name': 'water', 'bbox': [1, 241, 457, 288], 'area': 21432, 'attributes': ['blue', ' calm', ' wide']}]","[{'subject_id': 380563, 'object_id': 380560, 'relationships': ['in', ' under']}, {'subject_id': 380553, 'object_id': 380554, 'relationships': ['wearing']}, {'subject_id': 380559, 'object_id': 380560, 'relationships': ['in', ' below', ' above']}, {'subject_id': 380553, 'object_id': 380557, 'relationships': ['on', ' standing on', ' walking on']}, {'subject_id': 380561, 'object_id': 380557, 'relationships': ['near', ' behind']}, {'subject_id': 380553, 'object_id': 380563, 'relationships': ['flying']}, {'subject_id': 380558, 'object_id': 380557, 'relationships': ['next to', ' touching', ' meets']}, {'subject_id': 380553, 'object_id': 380556, 'relationships': ['wearing']}, {'subject_id': 380553, 'object_id': 380555, 'relationships': ['on']}, {'subject_id': 380560, 'object_id': 380559, 'relationships': ['in']}, {'subject_id': 380562, 'object_id': 380561, 'relationships': ['near', ' behind']}]"
2402546,"[{'object_id': 388665, 'name': 'lines', 'bbox': [2, 7, 497, 146], 'area': 68805, 'attributes': ['red', ' parallel', ' straight']}, {'object_id': 388655, 'name': 'pole', 'bbox': [217, 6, 266, 407], 'area': 19649, 'attributes': ['telephone', ' wooden']}, {'object_id': 388671, 'name': 'sign', 'bbox': [61, 270, 171, 312], 'area': 4620, 'attributes': ['blue', ' plastic', ' small']}, {'object_id': 388670, 'name': 'sign', 'bbox': [64, 234, 170, 274], 'area': 4240, 'attributes': ['red', ' white', ' black', ' yellow', ' blue', ' green']}, {'object_id': 388659, 'name': 'post', 'bbox': [104, 303, 124, 360], 'area': 1140, 'attributes': ['small', ' wooden', ' brown']}]",[]
2398583,"[{'object_id': 4292549, 'name': 'field', 'bbox': [1, 2, 484, 330], 'area': 158424, 'attributes': ['grizzly', ' brown', ' large', ' wild']}, {'object_id': 4316846, 'name': 'hill', 'bbox': [255, 14, 498, 268], 'area': 61722, 'attributes': ['grassy', ' green', ' brown', ' rocky']}, {'object_id': 4316845, 'name': 'grass', 'bbox': [50, 72, 180, 286], 'area': 27820, 'attributes': ['green', ' long', ' wild']}, {'object_id': 4316806, 'name': 'dirt path', 'bbox': [205, 129, 498, 202], 'area': 21389, 'attributes': ['narrow', ' winding', ' dirt']}, {'object_id': 4316867, 'name': 'patch', 'bbox': [246, 132, 498, 201], 'area': 17388, 'attributes': ['brown', ' four-legged', ' furry']}]",[]
2398344,"[{'object_id': 426169, 'name': 'blue skies', 'bbox': [3, 2, 329, 243], 'area': 78566, 'attributes': ['young', ' male', ' skateboarding', ' focused']}, {'object_id': 426171, 'name': 'gray street', 'bbox': [1, 330, 332, 498], 'area': 55608, 'attributes': ['asphalt', ' gray']}, {'object_id': 426176, 'name': 'black street', 'bbox': [10, 314, 292, 498], 'area': 51888, 'attributes': ['asphalt', ' black', ' empty', ' straight']}, {'object_id': 426164, 'name': 'boy', 'bbox': [66, 149, 226, 402], 'area': 40480, 'attributes': ['boy: in motion', ' skateboarding', ' wearing a helmet']}, {'object_id': 426177, 'name': 'green grass', 'bbox': [10, 277, 333, 366], 'area': 28747, 'attributes': ['green', ' grass']}]","[{'subject_id': 3820286, 'object_id': 426173, 'relationships': ['wearing']}, {'subject_id': 3820283, 'object_id': 426170, 'relationships': ['on', ' covering']}, {'subject_id': 3820286, 'object_id': 3820287, 'relationships': ['wears']}, {'subject_id': 3820289, 'object_id': 426180, 'relationships': ['attached to']}]"
2397915,"[{'object_id': 429729, 'name': 'strip', 'bbox': [5, 4, 499, 284], 'area': 138320, 'attributes': ['busy', ' bright', ' colorful', ' crowded', ' lively', ' loud', ' neon', ' nighttime', ' urban']}, {'object_id': 429730, 'name': 'businesses', 'bbox': [0, 0, 498, 277], 'area': 137946, 'attributes': ['busy', ' bright', ' colorful', ' lively', ' urban']}, {'object_id': 429720, 'name': 'lights', 'bbox': [3, 0, 495, 279], 'area': 137268, 'attributes': ['busy', ' bright', ' colorful', ' urban', ' lively']}, {'object_id': 429722, 'name': 'sky', 'bbox': [10, 0, 499, 259], 'area': 126651, 'attributes': ['busy', ' bright', ' colorful', ' lively', ' neon', ' urban']}, {'object_id': 429703, 'name': 'skies', 'bbox': [76, 4, 500, 240], 'area': 100064, 'attributes': ['busy', ' bright', ' urban', ' neon', ' lively']}]","[{'subject_id': 429715, 'object_id': 429737, 'relationships': ['inside']}, {'subject_id': 429702, 'object_id': 429703, 'relationships': ['above', ' in front of']}, {'subject_id': 429715, 'object_id': 429736, 'relationships': ['inside']}, {'subject_id': 429719, 'object_id': 429706, 'relationships': ['on', ' at', ' by', ' from', ' to', ' near', ' parked on', ' driving on']}, {'subject_id': 429741, 'object_id': 429742, 'relationships': ['under']}, {'subject_id': 429704, 'object_id': 429705, 'relationships': ['behind']}, {'subject_id': 429715, 'object_id': 429735, 'relationships': ['inside']}, {'subject_id': 429720, 'object_id': 429706, 'relationships': ['on', ' above']}, {'subject_id': 429715, 'object_id': 429707, 'relationships': ['next to', ' part of']}, {'subject_id': 429706, 'object_id': 429707, 'relationships': ['next to', ' in front of']}]"
2397497,[],[]
2392886,"[{'object_id': 476559, 'name': 'snow', 'bbox': [1, 103, 497, 372], 'area': 133424, 'attributes': ['white', ' glistening', ' powdery']}, {'object_id': 476541, 'name': 'sky', 'bbox': [2, 0, 497, 162], 'area': 80190, 'attributes': ['snowy', ' bright', ' mountainous']}, {'object_id': 476548, 'name': 'mountain', 'bbox': [2, 116, 499, 249], 'area': 66101, 'attributes': ['snowy', ' tall', ' white']}, {'object_id': 476542, 'name': 'hill', 'bbox': [0, 112, 203, 226], 'area': 23142, 'attributes': ['snowy', ' steep', ' high']}, {'object_id': 3825138, 'name': 'person', 'bbox': [312, 268, 337, 303], 'area': 875, 'attributes': ['person: skiing', ' bundled up', ' alone']}]","[{'subject_id': 476552, 'object_id': 476546, 'relationships': ['near', ' with', ' behind', ' in front of', ' next to', ' beside', ' skiing with', ' snowboarding with']}]"
2389920,"[{'object_id': 1255979, 'name': 'curtains', 'bbox': [282, 24, 355, 42], 'area': 1314, 'attributes': ['beige', ' patterned']}, {'object_id': 1255997, 'name': 'floor lamp', 'bbox': [262, 35, 278, 79], 'area': 704, 'attributes': ['silver', ' tall', ' bright']}, {'object_id': 1256010, 'name': 'curtains', 'bbox': [482, 27, 500, 62], 'area': 630, 'attributes': ['white', ' patterned']}, {'object_id': 1255996, 'name': 'small lamp', 'bbox': [83, 42, 102, 63], 'area': 399, 'attributes': ['dim', ' small', ' round']}]",[]
2388820,"[{'object_id': 670373, 'name': 'teddy bear', 'bbox': [99, 101, 269, 418], 'area': 53890, 'attributes': ['brown', ' plush', ' stuffed', ' large', ' sleepy', ' striped', ' soft']}, {'object_id': 670380, 'name': 'pajamas', 'bbox': [114, 223, 241, 322], 'area': 12573, 'attributes': ['blue', ' white', ' striped', ' cotton']}, {'object_id': 670398, 'name': 'women', 'bbox': [27, 82, 352, 119], 'area': 12025, 'attributes': ['brown', ' large', ' plush', ' stuffed', ' teddy bear']}, {'object_id': 670387, 'name': 'woman', 'bbox': [51, 22, 101, 188], 'area': 8300, 'attributes': ['middle-aged', ' smiling', ' bespectacled', ' ginger']}, {'object_id': 670400, 'name': 'bear', 'bbox': [132, 86, 205, 124], 'area': 2774, 'attributes': ['brown', ' plush', ' stuffed', ' sleepy', ' oversized']}]","[{'subject_id': 670373, 'object_id': 670379, 'relationships': ['on']}, {'subject_id': 670383, 'object_id': 670374, 'relationships': ['on', ' above']}, {'subject_id': 670373, 'object_id': 670380, 'relationships': ['wearing']}, {'subject_id': 670380, 'object_id': 670373, 'relationships': ['worn by']}]"
2385496,"[{'object_id': 1296166, 'name': 'sky', 'bbox': [185, 18, 332, 82], 'area': 9408, 'attributes': ['blue', ' clear']}, {'object_id': 1296171, 'name': 'pants', 'bbox': [302, 180, 378, 262], 'area': 6232, 'attributes': ['blue', ' snow', ' ski']}, {'object_id': 1296175, 'name': 'hill', 'bbox': [21, 147, 95, 217], 'area': 5180, 'attributes': ['snowy', ' steep']}, {'object_id': 1296177, 'name': 'coat', 'bbox': [302, 118, 356, 189], 'area': 3834, 'attributes': ['black', ' warm', ' waterproof', ' zippered', ' hooded']}, {'object_id': 1296181, 'name': 'poles', 'bbox': [277, 181, 307, 270], 'area': 2670, 'attributes': ['red', ' white', ' blue', ' striped']}]",[]
2385340,"[{'object_id': 688608, 'name': 'door', 'bbox': [67, 231, 196, 496], 'area': 34185, 'attributes': ['white', ' closed', ' refrigerator']}, {'object_id': 688598, 'name': 'freezer', 'bbox': [3, 82, 210, 247], 'area': 34155, 'attributes': ['white', ' closed', ' upright']}, {'object_id': 688600, 'name': 'floor', 'bbox': [181, 278, 285, 499], 'area': 22984, 'attributes': ['brown', ' wooden']}, {'object_id': 688622, 'name': 'wall', 'bbox': [163, 1, 283, 149], 'area': 17760, 'attributes': ['fridge', ' white', ' closed']}, {'object_id': 688603, 'name': 'bed', 'bbox': [193, 174, 285, 299], 'area': 11500, 'attributes': ['unmade', ' messy', ' twin-sized']}]","[{'subject_id': 688607, 'object_id': 688602, 'relationships': ['on']}, {'subject_id': 688608, 'object_id': 688597, 'relationships': ['part of']}, {'subject_id': 688607, 'object_id': 688600, 'relationships': ['on']}]"
2384142,"[{'object_id': 4075638, 'name': 'jeans', 'bbox': [367, 108, 455, 185], 'area': 6776, 'attributes': ['blue']}, {'object_id': 4403825, 'name': 'jeans', 'bbox': [370, 111, 456, 177], 'area': 5676, 'attributes': ['blue', ' denim']}, {'object_id': 4075637, 'name': 'shirt', 'bbox': [361, 71, 422, 123], 'area': 3172, 'attributes': ['pink', ' short-sleeve']}]",[]
2384008,"[{'object_id': 528966, 'name': 'tent', 'bbox': [3, 54, 252, 285], 'area': 57519, 'attributes': ['yellow', ' blue', ' red', ' striped', ' canvas']}, {'object_id': 528987, 'name': 'van', 'bbox': [257, 94, 397, 234], 'area': 19600, 'attributes': ['yellow', ' old', ' vintage', ' volkswagen', ' bus']}, {'object_id': 528969, 'name': 'blanket', 'bbox': [92, 369, 228, 500], 'area': 17816, 'attributes': ['plaid', ' red', ' blue', ' yellow']}, {'object_id': 528975, 'name': 'panel', 'bbox': [10, 111, 108, 260], 'area': 14602, 'attributes': ['red', ' white', ' blue', ' striped', ' cloth', ' sewn']}, {'object_id': 528980, 'name': 'lady', 'bbox': [287, 380, 423, 471], 'area': 12376, 'attributes': ['plaid', ' red', ' blue', ' white', ' yellow', ' striped', ' denim', ' bare', ' relaxed']}]",[]
2382024,"[{'object_id': 1331974, 'name': 'truck', 'bbox': [206, 138, 353, 267], 'area': 18963, 'attributes': ['white', ' industrial', ' large']}, {'object_id': 1331996, 'name': 'stones', 'bbox': [212, 295, 345, 358], 'area': 8379, 'attributes': ['gray', ' small', ' loose']}, {'object_id': 1331978, 'name': 'wheels', 'bbox': [308, 231, 435, 296], 'area': 8255, 'attributes': ['steel', ' dirty', ' round']}, {'object_id': 1331999, 'name': 'pole', 'bbox': [92, 74, 167, 179], 'area': 7875, 'attributes': ['telephone', ' wooden', ' tall']}, {'object_id': 1331992, 'name': 'engine', 'bbox': [176, 153, 284, 223], 'area': 7560, 'attributes': ['large', ' white']}]","[{'subject_id': 1331974, 'object_id': 1331977, 'relationships': ['towing']}, {'subject_id': 1331986, 'object_id': 1331974, 'relationships': ['part of']}, {'subject_id': 1331974, 'object_id': 1331989, 'relationships': ['on', ' above']}]"
2380654,"[{'object_id': 709847, 'name': 'boat', 'bbox': [281, 117, 401, 204], 'area': 10440, 'attributes': ['red', ' docked', ' large']}, {'object_id': 709845, 'name': 'boat', 'bbox': [169, 156, 278, 203], 'area': 5123, 'attributes': ['white', ' small', ' docked']}, {'object_id': 709848, 'name': 'sky', 'bbox': [168, 16, 222, 53], 'area': 1998, 'attributes': ['blue', ' cloudy']}, {'object_id': 709844, 'name': 'water', 'bbox': [113, 228, 148, 252], 'area': 840, 'attributes': ['calm', ' still', ' dark']}, {'object_id': 709846, 'name': 'van', 'bbox': [88, 143, 119, 164], 'area': 651, 'attributes': ['red', ' white', ' blue', ' docked', ' wooden']}]",[]
2380280,"[{'object_id': 546477, 'name': 'seagull', 'bbox': [150, 114, 415, 241], 'area': 33655, 'attributes': ['white', ' flying']}, {'object_id': 546483, 'name': 'wing', 'bbox': [151, 128, 272, 219], 'area': 11011, 'attributes': ['white', ' spread']}, {'object_id': 546480, 'name': 'water', 'bbox': [49, 48, 87, 88], 'area': 1520, 'attributes': ['seagull', ' white', ' flying']}, {'object_id': 546482, 'name': 'tip', 'bbox': [387, 125, 414, 157], 'area': 864, 'attributes': ['seagull', ' flying', ' white']}, {'object_id': 546484, 'name': 'head', 'bbox': [288, 208, 311, 232], 'area': 552, 'attributes': ['white', ' flying', ' seagull']}]","[{'subject_id': 546477, 'object_id': 546481, 'relationships': ['part of']}, {'subject_id': 546480, 'object_id': 546477, 'relationships': ['above']}, {'subject_id': 546477, 'object_id': 546480, 'relationships': ['above', ' near']}, {'subject_id': 546477, 'object_id': 546483, 'relationships': ['part of']}, {'subject_id': 546477, 'object_id': 546479, 'relationships': ['part of']}]"
2379926,"[{'object_id': 549218, 'name': 'foods', 'bbox': [59, 84, 469, 300], 'area': 88560, 'attributes': ['delicious', ' cheesy', ' round']}, {'object_id': 549210, 'name': 'food', 'bbox': [39, 121, 260, 304], 'area': 40443, 'attributes': ['Chicago-style', ' deep-dish']}, {'object_id': 549197, 'name': 'fork', 'bbox': [292, 102, 362, 324], 'area': 15540, 'attributes': ['rusty', ' dirty', ' bent']}, {'object_id': 549199, 'name': 'knife', 'bbox': [379, 60, 462, 203], 'area': 11869, 'attributes': ['rusty', ' dirty', ' sharp']}, {'object_id': 549219, 'name': 'dish', 'bbox': [50, 60, 264, 109], 'area': 10486, 'attributes': ['Chicago-style', ' deep dish', ' pizza']}]",[]
2377915,"[{'object_id': 3673632, 'name': 'tower', 'bbox': [0, 38, 373, 497], 'area': 171207, 'attributes': ['tall', ' brick', ' gothic', ' clock']}, {'object_id': 2681367, 'name': 'church tower', 'bbox': [25, 36, 366, 456], 'area': 143220, 'attributes': ['tall', ' brick', ' gothic']}, {'object_id': 2578708, 'name': 'archway', 'bbox': [150, 289, 226, 497], 'area': 15808, 'attributes': ['ornate', ' gothic', ' tall']}, {'object_id': 1965471, 'name': 'brick work', 'bbox': [0, 339, 70, 499], 'area': 11200, 'attributes': ['ornate', ' gothic', ' red']}, {'object_id': 2132805, 'name': 'paintings', 'bbox': [141, 149, 270, 229], 'area': 10320, 'attributes': ['colorful', ' fresco', ' large', ' high']}]","[{'subject_id': 3673633, 'object_id': 3673634, 'relationships': ['looking at', ' near', ' under']}, {'subject_id': 3673634, 'object_id': 3673632, 'relationships': ['on']}]"
2376714,"[{'object_id': 3839578, 'name': 'trees', 'bbox': [218, 0, 402, 183], 'area': 33672, 'attributes': ['young', ' male', ' athletic', ' airborne', ' skateboarding']}, {'object_id': 2156535, 'name': 'skateboard railing', 'bbox': [74, 278, 454, 329], 'area': 19380, 'attributes': ['metal', ' round', ' horizontal']}, {'object_id': 1976668, 'name': 'rail', 'bbox': [75, 281, 450, 331], 'area': 18750, 'attributes': ['metal', ' gray', ' long']}, {'object_id': 3839569, 'name': 'shirt', 'bbox': [102, 44, 194, 139], 'area': 8740, 'attributes': ['plaid', ' untucked']}, {'object_id': 1806034, 'name': 'shirt', 'bbox': [86, 29, 174, 119], 'area': 7920, 'attributes': ['plaid', ' untucked']}]",[]
2375013,"[{'object_id': 724044, 'name': 'woman', 'bbox': [130, 125, 334, 457], 'area': 67728, 'attributes': ['woman: smiling', ' holding toothbrush', ' black-haired']}, {'object_id': 724048, 'name': 'shower', 'bbox': [219, 41, 364, 238], 'area': 28565, 'attributes': ['tiled', ' glass', ' frosted']}, {'object_id': 724046, 'name': 'shirt', 'bbox': [108, 295, 265, 421], 'area': 19782, 'attributes': ['black', ' tank']}, {'object_id': 724045, 'name': 'brush', 'bbox': [60, 149, 108, 226], 'area': 3696, 'attributes': ['toothbrush', ' blue', ' held']}, {'object_id': 724049, 'name': 'wall', 'bbox': [279, 7, 323, 40], 'area': 1452, 'attributes': ['beige', ' tiled', ' bathroom']}]","[{'subject_id': 724044, 'object_id': 724048, 'relationships': ['in']}, {'subject_id': 724044, 'object_id': 724045, 'relationships': ['holding']}, {'subject_id': 724044, 'object_id': 724046, 'relationships': ['wearing']}]"
2372115,"[{'object_id': 593870, 'name': 'scene', 'bbox': [1, 1, 500, 332], 'area': 165169, 'attributes': ['man', ' athletic', ' focused', ' playing']}, {'object_id': 593857, 'name': 'grass', 'bbox': [12, 136, 497, 332], 'area': 95060, 'attributes': ['green', ' long', ' thick']}, {'object_id': 593863, 'name': 'jersey', 'bbox': [205, 49, 364, 153], 'area': 16536, 'attributes': ['red', ' short-sleeve']}, {'object_id': 593872, 'name': 'fence', 'bbox': [398, 7, 490, 157], 'area': 13800, 'attributes': ['wood', ' brown', ' wooden']}, {'object_id': 593860, 'name': 'shorts', 'bbox': [257, 127, 377, 228], 'area': 12120, 'attributes': ['black', ' athletic', ' short']}]","[{'subject_id': 593859, 'object_id': 593860, 'relationships': ['on', ' inside', ' part of']}, {'subject_id': 593872, 'object_id': 593857, 'relationships': ['next to']}, {'subject_id': 593869, 'object_id': 593868, 'relationships': ['worn on']}, {'subject_id': 593871, 'object_id': 593865, 'relationships': ['holding', ' throwing']}, {'subject_id': 593862, 'object_id': 593863, 'relationships': ['worn on']}, {'subject_id': 593858, 'object_id': 593857, 'relationships': ['on', ' in']}]"
2366717,"[{'object_id': 626503, 'name': 'room', 'bbox': [2, 4, 497, 371], 'area': 181665, 'attributes': ['wii', ' active', ' fun']}, {'object_id': 626473, 'name': 'person', 'bbox': [116, 130, 246, 350], 'area': 28600, 'attributes': ['person: blue', ' standing', ' holding', ' pink']}, {'object_id': 626483, 'name': 'man', 'bbox': [408, 100, 500, 374], 'area': 25208, 'attributes': ['man', ' standing', ' tall', ' brown-haired', ' wearing a jacket']}, {'object_id': 626472, 'name': 'screen', 'bbox': [173, 17, 304, 136], 'area': 15589, 'attributes': ['wii', ' projected']}, {'object_id': 626508, 'name': 'jacket', 'bbox': [400, 93, 499, 240], 'area': 14553, 'attributes': ['brown', ' corduroy']}]","[{'subject_id': 626494, 'object_id': 626488, 'relationships': ['with', ' near']}, {'subject_id': 626473, 'object_id': 626474, 'relationships': ['wearing']}, {'subject_id': 626487, 'object_id': 626491, 'relationships': ['near']}, {'subject_id': 626473, 'object_id': 626477, 'relationships': ['wearing']}]"
2365475,"[{'object_id': 633951, 'name': 'player', 'bbox': [105, 51, 224, 267], 'area': 25704, 'attributes': ['player: swinging', ' focused', ' determined']}, {'object_id': 633961, 'name': 'fans', 'bbox': [136, 28, 408, 74], 'area': 12512, 'attributes': ['cheering', ' excited', ' happy']}, {'object_id': 633974, 'name': 'people', 'bbox': [355, 35, 491, 124], 'area': 12104, 'attributes': ['watching', ' cheering', ' attentive']}, {'object_id': 633953, 'name': 'catcher', 'bbox': [323, 153, 418, 269], 'area': 11020, 'attributes': ['catcher: crouched', ' focused', ' protective']}, {'object_id': 633963, 'name': 'umpire', 'bbox': [392, 131, 476, 249], 'area': 9912, 'attributes': ['human', ' male', ' umpire', ' concentrated', ' focused']}]","[{'subject_id': 633958, 'object_id': 633952, 'relationships': ['holding', ' swinging']}, {'subject_id': 633970, 'object_id': 633963, 'relationships': ['worn by']}, {'subject_id': 633951, 'object_id': 633952, 'relationships': ['holding']}]"
2364737,"[{'object_id': 2741706, 'name': 'snow', 'bbox': [1, 114, 333, 498], 'area': 127488, 'attributes': ['white', ' glistening', ' cold']}, {'object_id': 3609981, 'name': 'jacket', 'bbox': [50, 133, 289, 420], 'area': 68593, 'attributes': ['red', ' puffy', ' zippered']}, {'object_id': 3382061, 'name': ""woman's snowjacket"", 'bbox': [65, 133, 279, 416], 'area': 60562, 'attributes': ['red', ' puffy', ' zippered', ' hooded']}, {'object_id': 3226475, 'name': 'jacket', 'bbox': [64, 136, 279, 415], 'area': 59985, 'attributes': ['red', ' puffy', ' winter', ' warm']}, {'object_id': 2090104, 'name': 'jacket', 'bbox': [73, 154, 302, 395], 'area': 55189, 'attributes': ['red', ' puffy', ' winter', ' warm']}]",[]
2363380,"[{'object_id': 2274355, 'name': 'white plate', 'bbox': [0, 0, 498, 280], 'area': 139440, 'attributes': ['rectangular', ' yellow', ' coconut']}, {'object_id': 1702042, 'name': 'plate', 'bbox': [9, 8, 499, 278], 'area': 132300, 'attributes': ['rectangular', ' coconut', ' custard', ' flaky']}, {'object_id': 1702043, 'name': 'napkin', 'bbox': [4, 3, 474, 278], 'area': 129250, 'attributes': ['moist', ' yellow', ' frosted', ' rectangular']}, {'object_id': 1696164, 'name': 'cake', 'bbox': [12, 3, 427, 278], 'area': 114125, 'attributes': ['rectangular', ' yellow', ' coconut']}, {'object_id': 2306465, 'name': 'bar', 'bbox': [13, 7, 416, 260], 'area': 101959, 'attributes': ['rectangular', ' yellow', ' coconut', ' layered']}]","[{'subject_id': 3746073, 'object_id': 1696164, 'relationships': ['part of']}, {'subject_id': 1702042, 'object_id': 2306465, 'relationships': ['on', ' above']}, {'subject_id': 1722013, 'object_id': 1702042, 'relationships': ['on', ' above']}, {'subject_id': 1696164, 'object_id': 1702043, 'relationships': ['on', ' above']}, {'subject_id': 1702043, 'object_id': 1702042, 'relationships': ['on', ' next to']}, {'subject_id': 1696164, 'object_id': 1702042, 'relationships': ['on', ' above']}]"
2361014,"[{'object_id': 784628, 'name': 'deck', 'bbox': [1, 28, 330, 498], 'area': 154630, 'attributes': ['boy', ' small', ' standing', ' wet', ' holding', ' umbrella']}, {'object_id': 784625, 'name': 'umbrella', 'bbox': [18, 117, 323, 297], 'area': 54900, 'attributes': ['beige', ' blue', ' gray', ' striped', ' open']}, {'object_id': 784636, 'name': 'shirt', 'bbox': [142, 224, 232, 320], 'area': 8640, 'attributes': ['blue', ' short-sleeve']}, {'object_id': 784634, 'name': 'shorts', 'bbox': [144, 305, 230, 386], 'area': 6966, 'attributes': ['blue', ' jean', ' short']}, {'object_id': 784626, 'name': 'siding', 'bbox': [4, 2, 166, 35], 'area': 5346, 'attributes': ['The specified object is a boy holding an umbrella.\n\nThe adjectives that could be used to describe the boy are:\nsmall', ' young', ' male', ' wet', ' barefoot', ' striped', ' colorful', ' curious', ' innocent', ' playful', ' happy', ' joyful', ' carefree', ' imaginative', ' creative', ' thoughtful', ' kind', ' loving', ' caring', ' helpful', ' polite', ' well-behaved', ' respectful', ' responsible', ' trustworthy', ' honest', ' loyal', ' friendly', ' outgoing', ' talkative', ' chatty', ' inquisitive', ' interested', ' engaged', ' focused', ' attentive', ' concentrated', ' determined', ' persistent', ' hardworking', ' diligent', ' studious', ' intelligent', ' smart', ' clever', ' wise', ' knowledgeable', ' experienced', ' skilled', ' talented', ' gifted', ' artistic', ' creative', ' imaginative', ' musical', ' athletic', ' sporty', ' adventurous', ' daring', ' brave', ' courageous', ' fearless', ' strong', ' powerful', ' healthy', ' fit', ' well-built', ' muscular', ' agile', ' coordinated', ' graceful', ' elegant', ' poised', ' graceful', ' refined', ' sophisticated', ' charming', ' attractive', ' beautiful', ' handsome', ' cute', ' adorable', ' lovable', ' huggable', ' kissable', ' cuddly', ' warm', ' fuzzy', ' soft', ' silky', ' smooth', ' velvety', ' downy', ' feathery', ' light', ' airy', ' fluffy', ' puffy', ' billowy', ' voluminous', ' expansive', ' vast', ' infinite', ' endless', ' eternal', ' everlasting', ' immortal', ' timeless', ' ageless', ' changeless', ' immutable', ' permanent', ' fixed', ' stable', ' solid', ' secure', ' safe', ' reliable', ' dependable', ' trustworthy', ' faithful', ' loyal', ' devoted', ' committed', ' dedicated', ' passionate', ' enthusiastic', ' zealous', ' fervent', ' ardent', ' intense', ' fiery', ' passionate', ' burning', ' hot', ' searing', ' scorching', ' scalding', ' boiling', ' bubbling', ' simmering', ' stewing', ' baking', ' roasting', ' frying', ' grilling', ' broiling', ' searing', ' scorching', ' scalding', ' boiling', ' bubbling', ' simmering', ' stewing', ' baking', ' roasting', ' frying', ' grilling', ' broiling', ' searing', ' scorching', ' scalding', ' boiling', ' bubbling', ' simmering', ' stewing', ' baking', ' roasting', ' frying', ' grilling', ' broiling', ' searing', ' scorching', ' scalding', ' boiling', ' bubbling', ' simmering', ' stewing', ' baking', ' roasting', ' frying', ' grilling', ' broiling', ' searing', ' scorching', ' scalding', ' boiling', ' bubbling', ' simmering', ' stewing', ' baking', ' roasting', ' frying', ' grilling', ' broiling', ' searing', ' scorching', ' scalding', ' boiling', ' bubbling', ' simmering', ' stewing', ' baking', ' roasting', ' frying', ' grilling', ' broiling', ' searing', ' scorching', ' scalding', ' boiling', ' bubbling', ' simmering', ' stewing', ' baking', ' roasting', ' frying', ' grilling', ' broiling', ' searing', ' scorching', ' scalding', ' boiling', ' bubbling', ' simmering', ' stewing', ' baking', ' roasting', ' frying', ' grilling', ' broiling', ' searing', ' scorching', ' scalding', ' boiling', ' bubbling', ' simmering', ' stewing', ' baking', ' roasting', ' frying', ' grilling', ' broiling', ' searing', ' scorching', ' scalding', ' boiling', ' bubbling', ' simmering', ' stewing', ' baking', ' roasting', ' frying', ' grilling', ' broiling', ' searing', ' scorching', ' scalding', ' boiling', ' bubbling', ' simmering', ' stewing', ' baking', ' roasting', ' frying', ' grilling', ' broiling', ' searing', ' scorching', ' scalding', ' boiling', ' bubbling', ' simmering', ' stewing', ' baking', ' roasting', ' frying', ' grilling', ' broiling', ' searing', ' scorching', ' scalding', ' boiling', ' bubbling', ' simmering', ' stewing', ' baking', ' roasting', ' frying', ' grilling', ' broiling', ' searing', ' scorching', ' scalding', ' boiling', ' bubbling', ' simmering', ' stewing', ' baking', ' roasting', ' frying', ' grilling', ' broiling', ' searing', ' scorching', ' scalding', ' boiling', ' bubbling', ' simmering', ' stewing', ' baking', ' roasting', ' frying', ' grilling', ' broiling', ' searing', ' scorching', ' scalding', ' boiling', ' bubbling', ' simmering', ' stewing', ' baking', ' roasting', ' frying', ' grilling', ' broiling', ' searing', ' scorching', ' scalding', ' boiling', ' bubbling', ' simmering', ' stewing', ' baking', ' roasting', ' frying', ' grilling', ' broiling', ' searing', ' scorching', ' scalding', ' boiling', ' bubbling', ' simmering', ' stewing', ' baking', ' roasting', ' frying', ' grilling', ' broiling', ' searing', ' scorching', ' scalding', ' boiling', ' bubbling', ' simmering', ' stewing', ' baking', ' roasting', ' frying', ' grilling', ' broiling', ' searing', ' scorching', ' scalding', ' boiling', ' bubbling', ' simmering', ' stewing', ' baking', ' roasting', ' frying', ' grilling', ' broiling', ' searing', ' scorching', ' scalding', ' boiling', ' bubbling', ' simmering', ' stewing', ' baking', ' roasting', ' frying', ' grilling', ' broiling', ' searing', ' scorching', ' scalding', ' boiling', ' bubbling', ' simmering', ' stewing', ' baking', ' roasting', ' frying', ' grilling', ' broiling', ' searing', ' scorching', ' scalding', ' boiling', ' bubbling', ' simmering', ' stewing', ' baking', ' roasting', ' frying', ' grilling', ' broiling', ' searing', ' scorching', ' scalding', ' boiling', ' bubbling', ' simmering', ' stewing', ' baking', ' roasting', ' frying', ' grilling', ' broiling', ' searing', ' scorching', ' scalding', ' boiling', ' bubbling', ' simmering', ' stewing', ' baking']}]","[{'subject_id': 784640, 'object_id': 784634, 'relationships': ['worn with']}, {'subject_id': 784643, 'object_id': 784625, 'relationships': ['held by']}]"
2360408,"[{'object_id': 2587975, 'name': 'tower', 'bbox': [53, 27, 285, 475], 'area': 103936, 'attributes': ['tall', ' clock', ' church']}, {'object_id': 1976648, 'name': 'building', 'bbox': [63, 19, 278, 460], 'area': 94815, 'attributes': ['beige', ' clock tower', ' tall']}, {'object_id': 1672933, 'name': 'doorway', 'bbox': [117, 303, 180, 454], 'area': 9513, 'attributes': ['arched', ' wooden', ' ornate']}, {'object_id': 1921504, 'name': 'clock', 'bbox': [111, 83, 205, 171], 'area': 8272, 'attributes': ['white', ' round', ' large', ' tower']}, {'object_id': 2695016, 'name': 'clock', 'bbox': [115, 83, 209, 167], 'area': 7896, 'attributes': ['round', ' tower', ' large']}]","[{'subject_id': 3761434, 'object_id': 1921504, 'relationships': ['part of']}, {'subject_id': 1672934, 'object_id': 1672933, 'relationships': ['below', ' leads to']}, {'subject_id': 1784001, 'object_id': 3761431, 'relationships': ['above']}, {'subject_id': 1921504, 'object_id': 1976648, 'relationships': ['on', ' above', ' part of']}, {'subject_id': 3761435, 'object_id': 1921504, 'relationships': ['inside']}, {'subject_id': 1672935, 'object_id': 1672933, 'relationships': ['below']}]"
2357027,"[{'object_id': 1775616, 'name': 'snow', 'bbox': [1, 23, 498, 331], 'area': 153076, 'attributes': ['cold', ' white', ' powdery', ' glistening', ' bright']}, {'object_id': 2533611, 'name': 'trees', 'bbox': [5, 19, 201, 191], 'area': 33712, 'attributes': ['snowy', ' steep', ' white']}, {'object_id': 1682199, 'name': 'snow suit', 'bbox': [243, 158, 337, 278], 'area': 11280, 'attributes': ['The specified object is a person in a snow suit. The person is snowboarding down a snowy mountain. The snow suit is white and black. The person is wearing a helmet and goggles. The helmet is black and the goggles are yellow. The person is also wearing a backpack. The backpack is black.']}, {'object_id': 2153569, 'name': 'gray snow', 'bbox': [42, 109, 118, 250], 'area': 10716, 'attributes': ['gray', ' soft', ' powdery']}, {'object_id': 2675000, 'name': 'coat', 'bbox': [242, 161, 332, 261], 'area': 9000, 'attributes': ['white', ' puffy', ' warm']}]",[]
2356243,"[{'object_id': 822348, 'name': 'sign', 'bbox': [95, 80, 362, 243], 'area': 43521, 'attributes': ['sign: red', ' white', ' blue', ' faded', ' weathered']}, {'object_id': 822355, 'name': 'lamp post', 'bbox': [245, 42, 376, 106], 'area': 8384, 'attributes': ['silver', ' tall', ' round', ' street']}, {'object_id': 822358, 'name': 'logo', 'bbox': [122, 131, 167, 206], 'area': 3375, 'attributes': ['blue', ' white', ' red', ' no-parking']}, {'object_id': 822362, 'name': 'building', 'bbox': [407, 14, 468, 68], 'area': 3294, 'attributes': ['tall', ' brick', ' old']}, {'object_id': 822360, 'name': 'pole', 'bbox': [154, 268, 195, 336], 'area': 2788, 'attributes': ['metal', ' round', ' gray']}]","[{'subject_id': 822367, 'object_id': 822348, 'relationships': ['on', ' covering']}, {'subject_id': 822348, 'object_id': 822361, 'relationships': ['covering']}, {'subject_id': 822360, 'object_id': 822348, 'relationships': ['below', ' supporting']}, {'subject_id': 822356, 'object_id': 822355, 'relationships': ['above', ' on', ' near']}]"
2355085,"[{'object_id': 4311327, 'name': 'bird', 'bbox': [36, 79, 288, 478], 'area': 100548, 'attributes': ['brown', ' ruffled', ' sitting']}, {'object_id': 4311381, 'name': 'chair', 'bbox': [12, 98, 312, 419], 'area': 96300, 'attributes': ['brown', ' ruffled', ' alert']}, {'object_id': 4311320, 'name': 'seat', 'bbox': [0, 296, 267, 499], 'area': 54201, 'attributes': ['brown', ' ruffled', ' perched']}, {'object_id': 4311321, 'name': 'feathers', 'bbox': [42, 162, 232, 400], 'area': 45220, 'attributes': ['brown', ' soft', ' long', ' kiwi']}, {'object_id': 4311322, 'name': 'car', 'bbox': [2, 0, 305, 126], 'area': 38178, 'attributes': ['The kea is a large', ' green parrot with a distinctive curved beak. It is found only in New Zealand. The kea is a very curious and playful bird', ' and it is often seen investigating new objects. It is also known for its mischievous behavior', ' and it has been known to steal food from people and even damage cars.']}]","[{'subject_id': 4311351, 'object_id': 4311327, 'relationships': ['part of']}, {'subject_id': 4311363, 'object_id': 4311327, 'relationships': ['part of']}, {'subject_id': 4311327, 'object_id': 4311329, 'relationships': ['on', ' above']}, {'subject_id': 4311375, 'object_id': 4311327, 'relationships': ['part of']}, {'subject_id': 4311376, 'object_id': 4311327, 'relationships': ['part of']}, {'subject_id': 4311360, 'object_id': 4311327, 'relationships': ['part of']}, {'subject_id': 4311372, 'object_id': 4311327, 'relationships': ['part of']}]"
2354973,"[{'object_id': 2415794, 'name': 'legs', 'bbox': [280, 41, 481, 373], 'area': 66732, 'attributes': ['hairy', ' pale']}, {'object_id': 1854344, 'name': 'legs', 'bbox': [290, 42, 480, 303], 'area': 49590, 'attributes': ['hairy', ' crossed']}, {'object_id': 2527195, 'name': 'cat', 'bbox': [115, 143, 336, 364], 'area': 48841, 'attributes': ['orange', ' small', ' furry']}, {'object_id': 2587097, 'name': 'trousers', 'bbox': [285, 145, 493, 301], 'area': 32448, 'attributes': ['black', ' wool', ' wrinkled']}, {'object_id': 1677347, 'name': 'pants', 'bbox': [292, 146, 481, 303], 'area': 29673, 'attributes': ['black', ' dress']}]","[{'subject_id': 3775820, 'object_id': 1774296, 'relationships': ['on', ' in', ' part of']}, {'subject_id': 3775822, 'object_id': 3775823, 'relationships': ['on', ' touching']}]"
2354162,"[{'object_id': 2547769, 'name': 'player', 'bbox': [105, 20, 405, 351], 'area': 99300, 'attributes': ['male', ' baseball', ' player', ' throwing', ' right-handed']}, {'object_id': 1918011, 'name': 'uniform', 'bbox': [124, 133, 344, 420], 'area': 63140, 'attributes': ['blue', ' white', ' baseball']}, {'object_id': 1974431, 'name': 'pants', 'bbox': [156, 343, 410, 420], 'area': 19558, 'attributes': ['grey', ' baseball']}, {'object_id': 2188133, 'name': 'glove', 'bbox': [15, 269, 149, 372], 'area': 13802, 'attributes': ['brown', ' baseball']}, {'object_id': 2431118, 'name': 'glove', 'bbox': [30, 261, 145, 378], 'area': 13455, 'attributes': ['brown', ' baseball', ' worn']}]",[]
2354132,"[{'object_id': 3425237, 'name': 'snowy slope', 'bbox': [0, 147, 499, 373], 'area': 112774, 'attributes': ['steep', ' snowy']}, {'object_id': 2998086, 'name': 'flag', 'bbox': [331, 200, 498, 372], 'area': 28724, 'attributes': ['red', ' triangular', ' nylon']}, {'object_id': 2469765, 'name': 'blue triangle', 'bbox': [113, 93, 230, 221], 'area': 14976, 'attributes': ['blue', ' triangular', ' nylon', ' course-marking']}, {'object_id': 2469088, 'name': 'sky', 'bbox': [253, 30, 410, 100], 'area': 10990, 'attributes': ['blue', ' clear']}, {'object_id': 1940588, 'name': 'lettering', 'bbox': [128, 114, 219, 209], 'area': 8645, 'attributes': ['blue', ' white', ' triangular']}]",[]
2353258,"[{'object_id': 2121778, 'name': 'table', 'bbox': [3, 2, 361, 494], 'area': 176136, 'attributes': ['fried', ' crispy', ' golden']}, {'object_id': 1798338, 'name': 'white plate', 'bbox': [2, 148, 362, 497], 'area': 125640, 'attributes': ['fried', ' crispy', ' chicken', ' 2 pieces', ' with sauce']}, {'object_id': 2573249, 'name': 'breast', 'bbox': [26, 167, 284, 485], 'area': 82044, 'attributes': ['fried', ' chicken']}, {'object_id': 3780557, 'name': 'chicken', 'bbox': [43, 213, 250, 436], 'area': 46161, 'attributes': ['fried', ' crispy']}, {'object_id': 2567784, 'name': 'meat', 'bbox': [48, 259, 267, 453], 'area': 42486, 'attributes': ['fried', ' crispy', ' chicken']}]",[]
2352999,"[{'object_id': 2471988, 'name': 'cloud', 'bbox': [4, 0, 345, 227], 'area': 77407, 'attributes': ['wispy', ' white', ' thin', ' cirrus']}, {'object_id': 1933721, 'name': 'clouds', 'bbox': [0, 2, 349, 222], 'area': 76780, 'attributes': ['wispy', ' white', ' thin', ' cirrus']}, {'object_id': 2257557, 'name': 'umbrella', 'bbox': [145, 7, 499, 188], 'area': 64074, 'attributes': ['pink', ' yellow', ' beach']}, {'object_id': 1877215, 'name': 'umbrella', 'bbox': [148, 1, 495, 146], 'area': 50315, 'attributes': ['pink', ' yellow', ' beach']}, {'object_id': 2671411, 'name': 'cloth', 'bbox': [384, 18, 498, 120], 'area': 11628, 'attributes': ['pink', ' cloth']}]",[]
2352561,"[{'object_id': 853195, 'name': 'man', 'bbox': [25, 77, 328, 499], 'area': 127866, 'attributes': ['man: Asian', ' happy', ' young', ' smiling']}, {'object_id': 853187, 'name': 'shirt', 'bbox': [128, 166, 329, 413], 'area': 49647, 'attributes': ['blue', ' short-sleeve']}, {'object_id': 853185, 'name': 'man', 'bbox': [49, 180, 157, 499], 'area': 34452, 'attributes': ['man: Asian', ' young', ' smiling']}, {'object_id': 853183, 'name': 'pants', 'bbox': [160, 392, 329, 500], 'area': 18252, 'attributes': ['green', ' cargo']}, {'object_id': 853206, 'name': 'windbreaker', 'bbox': [57, 230, 156, 379], 'area': 14751, 'attributes': ['black', ' shiny', ' nylon']}]","[{'subject_id': 853186, 'object_id': 853187, 'relationships': ['on', ' printed on']}, {'subject_id': 853183, 'object_id': 853182, 'relationships': ['worn on']}, {'subject_id': 853182, 'object_id': 853183, 'relationships': ['worn on']}, {'subject_id': 853185, 'object_id': 853184, 'relationships': ['wearing']}, {'subject_id': 853187, 'object_id': 853186, 'relationships': ['on', ' contains']}]"
2352339,"[{'object_id': 3431697, 'name': 'sky', 'bbox': [1, 2, 498, 277], 'area': 136675, 'attributes': ['kiteboarder: airborne', ' athletic', ' balanced']}, {'object_id': 1700305, 'name': 'green trees', 'bbox': [4, 233, 491, 331], 'area': 47726, 'attributes': ['green', ' lush']}, {'object_id': 2947852, 'name': 'green trees', 'bbox': [3, 232, 499, 319], 'area': 43152, 'attributes': ['green', ' lush', ' deciduous']}, {'object_id': 2071998, 'name': 'board', 'bbox': [186, 144, 406, 215], 'area': 15620, 'attributes': ['brown', ' kite', ' surfboard']}, {'object_id': 3472641, 'name': 'board', 'bbox': [210, 132, 349, 226], 'area': 13066, 'attributes': ['brown', ' kite', ' surfboard']}]","[{'subject_id': 3282283, 'object_id': 3583932, 'relationships': ['on', ' under']}, {'subject_id': 1979568, 'object_id': 3583933, 'relationships': ['on']}, {'subject_id': 3583943, 'object_id': 3472641, 'relationships': ['on', ' above']}, {'subject_id': 3282282, 'object_id': 3583932, 'relationships': ['on', ' above']}, {'subject_id': 3018586, 'object_id': 3472641, 'relationships': ['on', ' above']}]"
2351785,"[{'object_id': 2165250, 'name': 'parliament buildings', 'bbox': [20, 93, 490, 233], 'area': 65800, 'attributes': ['lit up', ' gothic', ' riverside']}, {'object_id': 1817565, 'name': 'building', 'bbox': [27, 98, 452, 241], 'area': 60775, 'attributes': ['gothic', ' illuminated']}, {'object_id': 2031058, 'name': 'building', 'bbox': [24, 135, 370, 261], 'area': 43596, 'attributes': ['beige', ' gothic', ' historic', ' illuminated', ' riverside']}, {'object_id': 1679089, 'name': 'building', 'bbox': [17, 116, 345, 246], 'area': 42640, 'attributes': ['well lit', ' historic', ' gothic']}, {'object_id': 2325017, 'name': 'building', 'bbox': [21, 119, 341, 232], 'area': 36160, 'attributes': ['beige', ' gothic', ' historic', ' illuminated']}]","[{'subject_id': 1679088, 'object_id': 1679089, 'relationships': ['on', ' above', ' part of']}, {'subject_id': 2367734, 'object_id': 2367733, 'relationships': ['reflected on']}]"
2351596,"[{'object_id': 859596, 'name': 'umbrella', 'bbox': [0, 4, 314, 497], 'area': 154802, 'attributes': ['black', ' frilly']}, {'object_id': 859594, 'name': 'boy', 'bbox': [0, 129, 263, 500], 'area': 97573, 'attributes': ['male', ' young', ' serious', ' goth', ' stylish']}, {'object_id': 859598, 'name': 'shirt', 'bbox': [1, 267, 244, 500], 'area': 56619, 'attributes': ['white', ' collared', ' buttoned', ' tucked in']}, {'object_id': 859600, 'name': 'pole', 'bbox': [42, 250, 196, 454], 'area': 31416, 'attributes': ['metal', ' held', ' straight']}, {'object_id': 859597, 'name': 'tie', 'bbox': [114, 285, 224, 480], 'area': 21450, 'attributes': ['black', ' thin', ' striped']}]","[{'subject_id': 859594, 'object_id': 859598, 'relationships': ['wears']}, {'subject_id': 859596, 'object_id': 859600, 'relationships': ['attached to']}, {'subject_id': 859598, 'object_id': 859611, 'relationships': ['connected to']}, {'subject_id': 859594, 'object_id': 859597, 'relationships': ['wears']}, {'subject_id': 859594, 'object_id': 859596, 'relationships': ['holding']}]"
2348395,"[{'object_id': 1842340, 'name': 'field', 'bbox': [49, 123, 499, 331], 'area': 93600, 'attributes': ['grassy', ' green', ' baseball']}, {'object_id': 1854348, 'name': 'field', 'bbox': [1, 155, 498, 331], 'area': 87472, 'attributes': ['grassy', ' green', ' rectangular', ' fenced', ' dirt']}, {'object_id': 2687722, 'name': 'baseball diamond', 'bbox': [1, 160, 497, 329], 'area': 83824, 'attributes': ['grassy', ' green', ' dirt', ' rectangular']}, {'object_id': 2464169, 'name': 'field', 'bbox': [2, 174, 498, 331], 'area': 77872, 'attributes': ['baseball', ' dirt', ' green', ' grass', ' infield']}, {'object_id': 2132856, 'name': 'green field', 'bbox': [1, 178, 497, 331], 'area': 75888, 'attributes': ['grassy', ' well-maintained', ' rectangular']}]",[]
2347635,"[{'object_id': 889018, 'name': 'train', 'bbox': [1, 94, 411, 331], 'area': 97170, 'attributes': ['yellow', ' electric']}, {'object_id': 889029, 'name': 'trees', 'bbox': [28, 13, 500, 161], 'area': 69856, 'attributes': ['rusty', ' yellow', ' electric']}, {'object_id': 889017, 'name': 'locomotive', 'bbox': [147, 87, 403, 301], 'area': 54784, 'attributes': ['yellow', ' electric']}, {'object_id': 889037, 'name': 'wheels', 'bbox': [2, 194, 286, 317], 'area': 34932, 'attributes': ['rusty', ' metal']}, {'object_id': 889028, 'name': 'sky', 'bbox': [2, 4, 231, 132], 'area': 29312, 'attributes': ['rusty', ' metal', ' high voltage', ' dangerous']}]","[{'subject_id': 889020, 'object_id': 889018, 'relationships': ['behind']}, {'subject_id': 889032, 'object_id': 889017, 'relationships': ['on', ' part of']}, {'subject_id': 889029, 'object_id': 889030, 'relationships': ['near', ' beside']}, {'subject_id': 889037, 'object_id': 889018, 'relationships': ['under']}, {'subject_id': 889017, 'object_id': 889018, 'relationships': ['part of']}, {'subject_id': 889022, 'object_id': 889017, 'relationships': ['on', ' painted on']}, {'subject_id': 889030, 'object_id': 889018, 'relationships': ['next to']}, {'subject_id': 889029, 'object_id': 889018, 'relationships': ['near', ' beside']}]"
2347137,"[{'object_id': 2267428, 'name': 'road', 'bbox': [0, 179, 497, 373], 'area': 96418, 'attributes': ['zebra', ' two', ' black and white', ' walking']}, {'object_id': 1827542, 'name': 'ground', 'bbox': [1, 179, 498, 372], 'area': 95921, 'attributes': ['road', ' grey']}, {'object_id': 2267426, 'name': 'grass', 'bbox': [1, 67, 499, 255], 'area': 93624, 'attributes': ['green', ' long']}, {'object_id': 3613051, 'name': 'brush', 'bbox': [15, 62, 485, 158], 'area': 45120, 'attributes': ['wooded', ' green', ' tall']}, {'object_id': 2422191, 'name': 'bushes', 'bbox': [93, 52, 498, 143], 'area': 36855, 'attributes': ['green', ' tall', ' thin']}]","[{'subject_id': 2313602, 'object_id': 2313337, 'relationships': ['has']}, {'subject_id': 2296259, 'object_id': 2313602, 'relationships': ['part of']}, {'subject_id': 2267426, 'object_id': 2267428, 'relationships': ['beside', ' next to']}, {'subject_id': 2313602, 'object_id': 2313339, 'relationships': ['on']}, {'subject_id': 2313602, 'object_id': 2313601, 'relationships': ['on', ' covering']}, {'subject_id': 2313602, 'object_id': 2313338, 'relationships': ['has']}, {'subject_id': 2267427, 'object_id': 2267428, 'relationships': ['beside', ' next to', ' near']}]"
2345506,"[{'object_id': 3370120, 'name': 'plane', 'bbox': [4, 80, 475, 302], 'area': 104562, 'attributes': ['gray', ' small', ' propeller', ' twin-engine', ' parked']}, {'object_id': 2702187, 'name': 'sky', 'bbox': [0, 2, 499, 184], 'area': 90818, 'attributes': ['gray', ' small', ' twin-engine', ' parked']}, {'object_id': 3512435, 'name': 'ground', 'bbox': [2, 197, 499, 373], 'area': 87472, 'attributes': ['gray', ' rocky', ' flat']}, {'object_id': 3512434, 'name': 'leaves', 'bbox': [1, 207, 498, 374], 'area': 82999, 'attributes': ['brown', ' yellow', ' green']}, {'object_id': 2764518, 'name': 'leaves', 'bbox': [3, 198, 488, 366], 'area': 81480, 'attributes': ['gray', ' small', ' twin-engine', ' parked']}]","[{'subject_id': 3152676, 'object_id': 3152677, 'relationships': ['on']}, {'subject_id': 3260166, 'object_id': 3512435, 'relationships': ['on', ' above']}, {'subject_id': 3332030, 'object_id': 2796204, 'relationships': ['part of']}, {'subject_id': 3260168, 'object_id': 3512435, 'relationships': ['on']}, {'subject_id': 3370120, 'object_id': 3370121, 'relationships': ['on', ' above', ' landed on']}, {'subject_id': 2735644, 'object_id': 2735643, 'relationships': ['under', ' attached to']}, {'subject_id': 2088256, 'object_id': 2796204, 'relationships': ['under']}, {'subject_id': 3260165, 'object_id': 3512435, 'relationships': ['on', ' above']}, {'subject_id': 3260167, 'object_id': 3512435, 'relationships': ['on', ' above']}, {'subject_id': 3068886, 'object_id': 3068887, 'relationships': ['on', ' above']}, {'subject_id': 3260164, 'object_id': 3512435, 'relationships': ['on', ' above']}]"
2345407,"[{'object_id': 2204186, 'name': 'water', 'bbox': [0, 0, 352, 272], 'area': 95744, 'attributes': ['brown', ' large', ' wild', ' standing', ' alert']}, {'object_id': 2377188, 'name': 'foamy water', 'bbox': [0, 2, 315, 273], 'area': 85365, 'attributes': ['brown', ' large', ' wild', ' standing']}, {'object_id': 2645044, 'name': 'water', 'bbox': [0, 0, 235, 267], 'area': 62745, 'attributes': ['brown', ' wild', ' large', ' standing', ' alert', ' watchful']}, {'object_id': 2143800, 'name': 'river', 'bbox': [7, 4, 211, 263], 'area': 52836, 'attributes': ['brown', ' large', ' wild', ' standing']}, {'object_id': 3034708, 'name': 'structure', 'bbox': [153, 0, 498, 130], 'area': 44850, 'attributes': ['brown', ' wild', ' large', ' standing', ' alert']}]","[{'subject_id': 3034708, 'object_id': 2204186, 'relationships': ['near', ' beside']}, {'subject_id': 3218640, 'object_id': 3218641, 'relationships': ['on', ' near']}]"
2342788,"[{'object_id': 4548335, 'name': 'blanket', 'bbox': [7, 3, 498, 343], 'area': 166940, 'attributes': ['orange', ' white', ' tabby', ' curious']}, {'object_id': 4548358, 'name': 'tabby', 'bbox': [88, 44, 464, 337], 'area': 110168, 'attributes': ['tabby', ' orange', ' white', ' small', ' lying']}, {'object_id': 4548324, 'name': 'cat', 'bbox': [97, 68, 498, 302], 'area': 93834, 'attributes': ['orange', ' white', ' lying']}, {'object_id': 4548325, 'name': 'cat', 'bbox': [139, 71, 498, 312], 'area': 86519, 'attributes': ['orange', ' white', ' lying']}, {'object_id': 4548370, 'name': 'cat', 'bbox': [154, 90, 476, 308], 'area': 70196, 'attributes': ['orange', ' white', ' lying']}]","[{'subject_id': 4112644, 'object_id': 4548374, 'relationships': ['has']}, {'subject_id': 4548353, 'object_id': 4548335, 'relationships': ['on', ' above']}]"
2342508,"[{'object_id': 2482181, 'name': 'bench', 'bbox': [0, 40, 496, 196], 'area': 77376, 'attributes': ['wooden', ' brown', ' empty']}, {'object_id': 2371992, 'name': 'bottle', 'bbox': [126, 22, 265, 338], 'area': 43924, 'attributes': ['red', ' wine']}, {'object_id': 2296250, 'name': 'wine bottle', 'bbox': [151, 5, 236, 357], 'area': 29920, 'attributes': ['red', ' wine', ' glass']}, {'object_id': 2068303, 'name': 'bottle', 'bbox': [312, 29, 399, 339], 'area': 26970, 'attributes': ['green', ' glass', ' wine']}, {'object_id': 2030170, 'name': 'wine', 'bbox': [313, 33, 394, 334], 'area': 24381, 'attributes': ['green', ' glass', ' empty', ' wine']}]","[{'subject_id': 3918984, 'object_id': 2068303, 'relationships': ['on', ' attached to']}, {'subject_id': 2558380, 'object_id': 2558381, 'relationships': ['in']}]"
2342119,"[{'object_id': 2739788, 'name': 'sidewalk', 'bbox': [169, 41, 487, 331], 'area': 92220, 'attributes': ['sidewalk: brick', ' red', ' uneven']}, {'object_id': 2164468, 'name': 'sidewalk', 'bbox': [199, 40, 413, 332], 'area': 62488, 'attributes': ['sidewalk: brick', ' red', ' uneven']}, {'object_id': 3104176, 'name': 'woman', 'bbox': [162, 7, 309, 332], 'area': 47775, 'attributes': ['young', ' looking', ' casual', ' stylish', ' alone']}, {'object_id': 2288056, 'name': 'woman', 'bbox': [178, 28, 315, 315], 'area': 39319, 'attributes': ['young', ' looking', ' sideways', ' holding', ' phone']}, {'object_id': 2375577, 'name': 'lines', 'bbox': [415, 120, 498, 332], 'area': 17596, 'attributes': ['white', ' parallel', ' faded', ' street']}]",[]
2340283,"[{'object_id': 2379599, 'name': 'chaise longue', 'bbox': [180, 210, 498, 330], 'area': 38160, 'attributes': ['white', ' cushioned', ' upholstered']}, {'object_id': 2734078, 'name': 'chaise lounge', 'bbox': [181, 210, 498, 330], 'area': 38040, 'attributes': ['white', ' soft', ' comfortable', ' overstuffed']}, {'object_id': 2073287, 'name': 'chair', 'bbox': [184, 210, 491, 330], 'area': 36840, 'attributes': ['white', ' cushioned', ' chaise']}, {'object_id': 3153253, 'name': 'lounge', 'bbox': [211, 179, 455, 316], 'area': 33428, 'attributes': ['white', ' cushioned', ' empty']}, {'object_id': 3688894, 'name': 'couch', 'bbox': [2, 136, 163, 323], 'area': 30107, 'attributes': ['brown', ' wooden', ' small', ' end']}]",[]
2339138,"[{'object_id': 2134675, 'name': 'blue shirt', 'bbox': [124, 150, 235, 282], 'area': 14652, 'attributes': ['blue', ' short-sleeve']}, {'object_id': 3181300, 'name': 'shorts', 'bbox': [137, 286, 250, 388], 'area': 11526, 'attributes': ['white', ' knee-length', ' drawstring', ' terry cloth']}, {'object_id': 3221756, 'name': 'bottle', 'bbox': [71, 116, 79, 159], 'area': 344, 'attributes': ['brown', ' glass']}, {'object_id': 3221757, 'name': 'cap', 'bbox': [72, 114, 77, 125], 'area': 55, 'attributes': ['casual', ' talking', ' middle-aged', ' female']}]",[]
2339097,"[{'object_id': 2634207, 'name': 'bus', 'bbox': [49, 131, 151, 241], 'area': 11220, 'attributes': ['bus: green', ' stopped', ' city']}, {'object_id': 2366513, 'name': 'car', 'bbox': [302, 182, 345, 232], 'area': 2150, 'attributes': ['parked', ' black', ' four-door']}, {'object_id': 3008094, 'name': 'street sign', 'bbox': [473, 152, 496, 202], 'area': 1150, 'attributes': ['red', ' rectangular', ' posted']}, {'object_id': 2430723, 'name': 'line', 'bbox': [148, 263, 251, 272], 'area': 927, 'attributes': ['red', ' painted', ' bold', ' prominent']}]",[]
2336685,"[{'object_id': 2963924, 'name': 'giraffe', 'bbox': [9, 11, 296, 499], 'area': 140056, 'attributes': ['tall', ' yellow', ' spotted']}, {'object_id': 2781982, 'name': 'tree', 'bbox': [212, 17, 374, 349], 'area': 53784, 'attributes': ['tree: tall', ' green', ' thin']}, {'object_id': 3662634, 'name': 'neck', 'bbox': [108, 103, 235, 370], 'area': 33909, 'attributes': ['long', ' tan', ' spotted']}, {'object_id': 2923831, 'name': 'grass', 'bbox': [4, 78, 214, 101], 'area': 4830, 'attributes': ['tall', ' yellow', ' spotted']}, {'object_id': 2179601, 'name': 'branch', 'bbox': [289, 387, 339, 459], 'area': 3600, 'attributes': ['brown', ' dead', ' thin', ' bare']}]",[]
2336248,"[{'object_id': 2359069, 'name': 'table', 'bbox': [204, 123, 498, 332], 'area': 61446, 'attributes': ['wood', ' brown', ' rectangular', ' sturdy']}, {'object_id': 2359070, 'name': 'table', 'bbox': [0, 159, 300, 332], 'area': 51900, 'attributes': ['metal', ' silver', ' open']}, {'object_id': 2536623, 'name': 'laptop', 'bbox': [70, 118, 235, 283], 'area': 27225, 'attributes': ['silver', ' open']}, {'object_id': 2795619, 'name': 'box', 'bbox': [405, 95, 495, 220], 'area': 11250, 'attributes': ['small', ' green', ' plastic', ' closed']}, {'object_id': 2631586, 'name': 'touch pad', 'bbox': [255, 225, 372, 308], 'area': 9711, 'attributes': ['black', ' small']}]","[{'subject_id': 2359069, 'object_id': 2359070, 'relationships': ['on', ' above']}]"
2335926,"[{'object_id': 3068282, 'name': 'sky', 'bbox': [5, 3, 497, 197], 'area': 95448, 'attributes': ['sandy', ' crowded', ' sunny']}, {'object_id': 3017329, 'name': 'sky', 'bbox': [1, 1, 494, 156], 'area': 76415, 'attributes': ['sandy', ' crowded', ' sunny', ' urban']}, {'object_id': 3666292, 'name': 'beach', 'bbox': [8, 176, 498, 330], 'area': 75460, 'attributes': ['sandy', ' crowded', ' urban']}, {'object_id': 3666286, 'name': 'sand', 'bbox': [12, 200, 486, 330], 'area': 61620, 'attributes': ['beige', ' wet']}, {'object_id': 2363683, 'name': 'surfboard', 'bbox': [61, 259, 248, 306], 'area': 8789, 'attributes': ['yellow', ' red', ' white', ' lifeguard']}]",[]
2334491,"[{'object_id': 3499034, 'name': 'racket', 'bbox': [104, 187, 317, 330], 'area': 30459, 'attributes': ['tennis', ' racket']}, {'object_id': 2486296, 'name': 'logo', 'bbox': [267, 167, 470, 266], 'area': 20097, 'attributes': ['black', ' green', ' yellow']}, {'object_id': 3294898, 'name': 'shirt', 'bbox': [84, 130, 181, 240], 'area': 10670, 'attributes': ['gray', ' tank']}, {'object_id': 2915520, 'name': 'straps', 'bbox': [92, 122, 160, 174], 'area': 3536, 'attributes': ['black', ' thin']}, {'object_id': 3677097, 'name': 'pole', 'bbox': [221, 1, 249, 97], 'area': 2688, 'attributes': ['rusty', ' metal', ' bent']}]",[]
2334308,"[{'object_id': 4655760, 'name': 'jet', 'bbox': [17, 63, 480, 233], 'area': 78710, 'attributes': ['gray', ' military', ' parked', ' single-engine', ' fighter']}, {'object_id': 4655735, 'name': 'jet', 'bbox': [43, 81, 482, 232], 'area': 66289, 'attributes': ['gray', ' military', ' parked']}, {'object_id': 4655687, 'name': 'jet', 'bbox': [34, 94, 479, 231], 'area': 60965, 'attributes': ['gray', ' military', ' parked']}, {'object_id': 4655733, 'name': 'plane', 'bbox': [42, 100, 476, 240], 'area': 60760, 'attributes': ['plane: military', ' fighter', ' gray', ' parked']}, {'object_id': 4655752, 'name': 'fighter jet', 'bbox': [45, 94, 484, 230], 'area': 59704, 'attributes': ['gray', ' parked', ' military']}]","[{'subject_id': 4655734, 'object_id': 4655733, 'relationships': ['on', ' part of']}, {'subject_id': 4655763, 'object_id': 4655764, 'relationships': ['on']}]"
2332084,[],[]
2332056,"[{'object_id': 3282550, 'name': 'grass', 'bbox': [0, 148, 499, 328], 'area': 89820, 'attributes': ['green', ' long']}, {'object_id': 3543491, 'name': 'field', 'bbox': [1, 145, 486, 325], 'area': 87300, 'attributes': ['green', ' grassy', ' rural']}, {'object_id': 2812821, 'name': 'horses', 'bbox': [115, 158, 493, 331], 'area': 65394, 'attributes': ['brown', ' white', ' black', ' standing', ' grazing']}, {'object_id': 3281015, 'name': 'grass', 'bbox': [37, 134, 474, 210], 'area': 33212, 'attributes': ['green', ' long', ' abundant']}, {'object_id': 3282549, 'name': 'horse', 'bbox': [270, 192, 390, 284], 'area': 11040, 'attributes': ['white', ' standing', ' grazing']}]","[{'subject_id': 3543452, 'object_id': 3400535, 'relationships': ['on', ' part of']}, {'subject_id': 3282549, 'object_id': 2870044, 'relationships': ['has']}, {'subject_id': 3282549, 'object_id': 3282550, 'relationships': ['on', ' above', ' standing on']}, {'subject_id': 2870047, 'object_id': 2870045, 'relationships': ['has']}]"
2331524,"[{'object_id': 2932784, 'name': 'metal', 'bbox': [104, 3, 322, 358], 'area': 77390, 'attributes': ['blue', ' metal', ' smooth']}, {'object_id': 2823970, 'name': 'airplane', 'bbox': [271, 0, 498, 120], 'area': 27240, 'attributes': ['blue', ' metal', ' curved']}, {'object_id': 3094435, 'name': 'airplane', 'bbox': [314, 0, 499, 120], 'area': 22200, 'attributes': ['blue', ' metal', ' large', ' smooth', ' curved']}, {'object_id': 2703061, 'name': 'green tarp', 'bbox': [291, 270, 438, 372], 'area': 14994, 'attributes': ['green', ' dirty', ' old', ' plastic']}, {'object_id': 3094251, 'name': 'airplane', 'bbox': [324, 0, 489, 77], 'area': 12705, 'attributes': ['blue', ' metal', ' curved', ' smooth', ' shiny']}]",[]
2331329,[],[]
2328932,"[{'object_id': 3391509, 'name': 'car', 'bbox': [54, 197, 200, 284], 'area': 12702, 'attributes': ['black', ' stopped', ' facing left']}, {'object_id': 3391508, 'name': 'window', 'bbox': [93, 201, 173, 222], 'area': 1680, 'attributes': ['tinted', ' car', ' rear']}, {'object_id': 3350241, 'name': 'light', 'bbox': [87, 219, 132, 252], 'area': 1485, 'attributes': ['traffic', ' red']}, {'object_id': 3001814, 'name': 'wheel', 'bbox': [72, 233, 99, 286], 'area': 1431, 'attributes': ['round', ' black', ' rubber']}, {'object_id': 2892665, 'name': 'light', 'bbox': [237, 206, 249, 228], 'area': 264, 'attributes': ['round', ' red']}]",[]
2328907,"[{'object_id': 4110558, 'name': 'table', 'bbox': [33, 125, 483, 372], 'area': 111150, 'attributes': ['round', ' wooden', ' brown']}, {'object_id': 4110605, 'name': 'kitchen table', 'bbox': [34, 126, 484, 370], 'area': 109800, 'attributes': ['round', ' wooden']}, {'object_id': 4110575, 'name': 'cabinet', 'bbox': [111, 0, 291, 151], 'area': 27180, 'attributes': ['wooden', ' brown', ' carved']}, {'object_id': 4110591, 'name': 'chair', 'bbox': [2, 212, 139, 372], 'area': 21920, 'attributes': ['wooden', ' black', ' Windsor-style']}, {'object_id': 4110614, 'name': 'dishes', 'bbox': [236, 239, 453, 339], 'area': 21700, 'attributes': ['white', ' patterned']}]","[{'subject_id': 4110573, 'object_id': 4110558, 'relationships': ['on', ' above']}, {'subject_id': 4110584, 'object_id': 4110558, 'relationships': ['on', ' above']}, {'subject_id': 4110566, 'object_id': 4110567, 'relationships': ['under']}, {'subject_id': 4110612, 'object_id': 4110558, 'relationships': ['on']}, {'subject_id': 4110581, 'object_id': 4110558, 'relationships': ['on', ' above']}, {'subject_id': 4110560, 'object_id': 4110580, 'relationships': ['on']}, {'subject_id': 4110580, 'object_id': 4110558, 'relationships': ['on', ' above']}]"
2327257,"[{'object_id': 3972029, 'name': 'woman', 'bbox': [52, 31, 261, 311], 'area': 58520, 'attributes': ['young', ' brown hair', ' eating']}, {'object_id': 4685461, 'name': 'hair', 'bbox': [250, 0, 410, 100], 'area': 16000, 'attributes': ['man', ' young', ' bespectacled']}, {'object_id': 3972014, 'name': 'sky', 'bbox': [388, 0, 498, 123], 'area': 13530, 'attributes': ['couple', ' happy', ' eating', ' backlit']}, {'object_id': 3972028, 'name': 'donut', 'bbox': [259, 127, 353, 199], 'area': 6768, 'attributes': ['glazed', ' half-eaten']}, {'object_id': 4685450, 'name': 'donut', 'bbox': [264, 135, 342, 199], 'area': 4992, 'attributes': ['glazed', ' half-eaten']}]",[]
2326554,"[{'object_id': 4133951, 'name': 'pavement', 'bbox': [0, 166, 498, 372], 'area': 102588, 'attributes': ['asphalt', ' black']}, {'object_id': 3982772, 'name': 'store', 'bbox': [40, 13, 390, 203], 'area': 66500, 'attributes': ['motorcycle', ' brown', ' parked']}, {'object_id': 4133933, 'name': 'lines', 'bbox': [2, 177, 494, 296], 'area': 58548, 'attributes': ['motorcycle', ' brown', ' parked']}, {'object_id': 4133935, 'name': 'building', 'bbox': [39, 7, 324, 167], 'area': 45600, 'attributes': ['Harley-Davidson', ' Softail', ' black', ' chrome', ' two-wheeled']}, {'object_id': 4133961, 'name': 'motorcycle', 'bbox': [191, 151, 415, 290], 'area': 31136, 'attributes': ['Harley-Davidson', ' Softail Springer', ' black', ' parked']}]","[{'subject_id': 4133950, 'object_id': 4133951, 'relationships': ['on', ' above']}, {'subject_id': 4133961, 'object_id': 4133962, 'relationships': ['has']}, {'subject_id': 4133940, 'object_id': 4133941, 'relationships': ['near', ' behind']}]"
2326528,"[{'object_id': 3983313, 'name': 'plates', 'bbox': [11, 4, 482, 372], 'area': 173328, 'attributes': ['healthy', ' organic', ' fresh', ' green', ' tasty']}, {'object_id': 4134140, 'name': 'plate', 'bbox': [28, 65, 321, 345], 'area': 82040, 'attributes': ['square', ' white']}, {'object_id': 4134212, 'name': 'plate', 'bbox': [228, 10, 484, 272], 'area': 67072, 'attributes': ['square', ' white', ' ceramic']}, {'object_id': 4134151, 'name': 'plate', 'bbox': [235, 17, 499, 263], 'area': 64944, 'attributes': ['square', ' white']}, {'object_id': 3983314, 'name': 'salad', 'bbox': [250, 0, 463, 218], 'area': 46434, 'attributes': ['colorful', ' fresh', ' healthy', ' organic', ' tasty', ' vegan']}]","[{'subject_id': 4134170, 'object_id': 4134140, 'relationships': ['on']}, {'subject_id': 4134211, 'object_id': 4134140, 'relationships': ['on', ' above']}, {'subject_id': 4134208, 'object_id': 4134140, 'relationships': ['on', ' above']}, {'subject_id': 4134181, 'object_id': 4134140, 'relationships': ['on']}]"
2325561,"[{'object_id': 986053, 'name': 'dogs', 'bbox': [16, 210, 368, 472], 'area': 92224, 'attributes': ['brown', ' black', ' happy']}, {'object_id': 986031, 'name': 'dog', 'bbox': [160, 166, 373, 407], 'area': 51333, 'attributes': ['brown', ' German Shepherd', ' happy', ' smiling']}, {'object_id': 986037, 'name': 'dog', 'bbox': [6, 247, 201, 489], 'area': 47190, 'attributes': ['brown', ' standing', ' short-haired']}, {'object_id': 986035, 'name': 'eyes', 'bbox': [228, 242, 374, 317], 'area': 10950, 'attributes': ['brown', ' looking', ' dog']}, {'object_id': 986033, 'name': 'grass', 'bbox': [166, 70, 249, 145], 'area': 6225, 'attributes': ['green', ' long', ' thick']}]","[{'subject_id': 986033, 'object_id': 986031, 'relationships': ['on', ' under']}, {'subject_id': 986035, 'object_id': 986031, 'relationships': ['of']}, {'subject_id': 986039, 'object_id': 986031, 'relationships': ['in']}, {'subject_id': 986031, 'object_id': 986036, 'relationships': ['has']}, {'subject_id': 986031, 'object_id': 986039, 'relationships': ['has']}, {'subject_id': 986031, 'object_id': 986032, 'relationships': ['inside']}]"
2323834,"[{'object_id': 3138931, 'name': 'sky', 'bbox': [1, 2, 498, 165], 'area': 81011, 'attributes': ['busy', ' large', ' commercial']}, {'object_id': 3239529, 'name': 'tarmac', 'bbox': [2, 181, 499, 331], 'area': 74550, 'attributes': ['gray', ' concrete']}, {'object_id': 3196487, 'name': 'planes', 'bbox': [192, 89, 498, 214], 'area': 38250, 'attributes': ['large', ' white', ' blue', ' parked']}, {'object_id': 3256406, 'name': 'airliner', 'bbox': [173, 92, 494, 201], 'area': 34989, 'attributes': ['large', ' white', ' blue', ' parked']}, {'object_id': 3383574, 'name': 'airliner', 'bbox': [216, 130, 485, 201], 'area': 19099, 'attributes': ['white', ' blue', ' parked']}]",[]
2322149,"[{'object_id': 3464770, 'name': 'sweatshirt', 'bbox': [41, 18, 305, 193], 'area': 46200, 'attributes': ['black', ' gray', ' white', ' zippered']}, {'object_id': 3142622, 'name': 'stone wall', 'bbox': [1, 356, 330, 480], 'area': 40796, 'attributes': ['gray', ' rough', ' stone']}, {'object_id': 3417811, 'name': 'blue jeans', 'bbox': [97, 162, 206, 283], 'area': 13189, 'attributes': ['blue', ' worn', ' denim']}, {'object_id': 2798722, 'name': 'building', 'bbox': [0, 264, 97, 344], 'area': 7760, 'attributes': ['brick', ' old', ' two-story']}, {'object_id': 2870318, 'name': 'shoe', 'bbox': [136, 254, 218, 330], 'area': 6232, 'attributes': ['shoe', ' sneaker', ' gray', ' untied', ' dirty']}]",[]
2318997,"[{'object_id': 2956373, 'name': 'train', 'bbox': [106, 0, 496, 371], 'area': 144690, 'attributes': ['blue', ' old', ' electric']}, {'object_id': 2939195, 'name': 'train', 'bbox': [127, 4, 361, 373], 'area': 86346, 'attributes': ['blue', ' old', ' electric']}, {'object_id': 2956372, 'name': 'reflection', 'bbox': [406, 175, 493, 351], 'area': 15312, 'attributes': ['dim', ' distorted', ' greenish']}, {'object_id': 2823007, 'name': 'man', 'bbox': [6, 176, 60, 371], 'area': 10530, 'attributes': ['tall', ' man', ' red', ' shirt', ' blue', ' jeans']}, {'object_id': 3059716, 'name': 'child', 'bbox': [5, 255, 65, 368], 'area': 6780, 'attributes': ['blond', ' young']}]","[{'subject_id': 3297375, 'object_id': 2956373, 'relationships': ['on', ' part of']}, {'subject_id': 2956372, 'object_id': 2956373, 'relationships': ['in', ' on']}, {'subject_id': 3163871, 'object_id': 3644402, 'relationships': ['wearing']}, {'subject_id': 2823007, 'object_id': 3946537, 'relationships': ['with', ' holding']}, {'subject_id': 3133888, 'object_id': 2939195, 'relationships': ['on', ' part of']}]"
2414288,"[{'object_id': 4174923, 'name': 'car', 'bbox': [1, 17, 484, 331], 'area': 151662, 'attributes': ['gray', ' fluffy', ' sleeping']}, {'object_id': 4174907, 'name': 'car', 'bbox': [53, 70, 485, 315], 'area': 105840, 'attributes': ['gray', ' furry', ' sleeping']}, {'object_id': 4174905, 'name': 'cat', 'bbox': [156, 137, 363, 273], 'area': 28152, 'attributes': ['gray', ' fluffy', ' sleeping']}, {'object_id': 4174908, 'name': 'cat', 'bbox': [184, 141, 382, 278], 'area': 27126, 'attributes': ['tabby', ' sleeping', ' fluffy']}, {'object_id': 4174920, 'name': 'cat', 'bbox': [163, 139, 353, 279], 'area': 26600, 'attributes': ['long-haired', ' sleeping']}]","[{'subject_id': 4174948, 'object_id': 4174998, 'relationships': ['attached to', ' connected to', ' part of']}, {'subject_id': 4174980, 'object_id': 4174923, 'relationships': ['attached to', ' on', ' part of']}, {'subject_id': 4174949, 'object_id': 4174923, 'relationships': ['on', ' above']}, {'subject_id': 4174925, 'object_id': 4174923, 'relationships': ['attached to', ' on', ' part of']}, {'subject_id': 4174951, 'object_id': 4174948, 'relationships': ['attached to', ' has']}, {'subject_id': 4174971, 'object_id': 4174923, 'relationships': ['attached to', ' on', ' part of']}, {'subject_id': 4174967, 'object_id': 4174968, 'relationships': ['part of']}, {'subject_id': 4174953, 'object_id': 4174923, 'relationships': ['in']}, {'subject_id': 4174964, 'object_id': 4174923, 'relationships': ['on', ' attached to', ' adorning']}, {'subject_id': 4174986, 'object_id': 4174923, 'relationships': ['on', ' above']}, {'subject_id': 4174923, 'object_id': 4174986, 'relationships': ['on', ' above']}, {'subject_id': 4174948, 'object_id': 4174951, 'relationships': ['next to', ' on']}, {'subject_id': 4174945, 'object_id': 4174931, 'relationships': ['next to']}, {'subject_id': 4174951, 'object_id': 4174923, 'relationships': ['on', ' near', ' parked next to']}, {'subject_id': 4174920, 'object_id': 4174923, 'relationships': ['on', ' above']}, {'subject_id': 4174948, 'object_id': 4174941, 'relationships': ['attached to']}, {'subject_id': 4174959, 'object_id': 4174923, 'relationships': ['on', ' above']}, {'subject_id': 4174961, 'object_id': 4174923, 'relationships': ['on', ' part of']}, {'subject_id': 4174947, 'object_id': 4174948, 'relationships': ['outside', ' below']}, {'subject_id': 4174935, 'object_id': 4174931, 'relationships': ['near', ' left of']}, {'subject_id': 4174954, 'object_id': 4174923, 'relationships': ['in']}]"
2413814,"[{'object_id': 165730, 'name': 'truck', 'bbox': [17, 101, 473, 284], 'area': 83448, 'attributes': ['truck: white', ' long', ' official']}, {'object_id': 165741, 'name': 'hill', 'bbox': [0, 55, 499, 149], 'area': 46906, 'attributes': ['long', ' yellow', ' crowded']}, {'object_id': 165743, 'name': 'sky', 'bbox': [1, 0, 499, 79], 'area': 39342, 'attributes': ['bus', ' official', ' yellow', ' black', ' long', ' decorated']}, {'object_id': 165746, 'name': 'road', 'bbox': [2, 271, 499, 331], 'area': 29820, 'attributes': ['asphalt', ' black', ' straight']}, {'object_id': 165731, 'name': 'sign', 'bbox': [72, 188, 446, 205], 'area': 6358, 'attributes': ['bus', ' yellow', ' long', ' funny', ' cyclist']}]","[{'subject_id': 165740, 'object_id': 165730, 'relationships': ['next to']}, {'subject_id': 165741, 'object_id': 165730, 'relationships': ['behind']}, {'subject_id': 165731, 'object_id': 165730, 'relationships': ['on', ' attached to']}]"
2412432,"[{'object_id': 194490, 'name': 'white background', 'bbox': [0, 200, 319, 478], 'area': 88682, 'attributes': ['purple', ' pink', ' white', ' black', ' brown', ' sitting', ' waiting']}, {'object_id': 194486, 'name': 'purple sweater', 'bbox': [9, 6, 209, 360], 'area': 70800, 'attributes': ['purple', ' hooded', ' long-sleeved']}, {'object_id': 3804597, 'name': 'background', 'bbox': [0, 0, 318, 216], 'area': 68688, 'attributes': ['purple', ' dotted', ' long-sleeved', ' hooded', ' thoughtful', ' waiting']}, {'object_id': 194489, 'name': 'colored background', 'bbox': [0, 0, 318, 214], 'area': 68052, 'attributes': ['purple', ' dotted', ' long-sleeved']}, {'object_id': 3804619, 'name': 'wall', 'bbox': [0, 1, 318, 212], 'area': 67098, 'attributes': ['purple', ' pink', ' lavender', ' dotted', ' long-sleeved', ' hooded', ' thoughtful', ' waiting']}]","[{'subject_id': 3804606, 'object_id': 194482, 'relationships': ['touching', ' part of']}, {'subject_id': 3804601, 'object_id': 194482, 'relationships': ['on', ' touching']}]"
2416370,"[{'object_id': 2804178, 'name': 'ramp', 'bbox': [306, 220, 498, 306], 'area': 16512, 'attributes': ['concrete', ' gray', ' smooth', ' angled']}, {'object_id': 2868653, 'name': 'steps', 'bbox': [4, 198, 150, 246], 'area': 7008, 'attributes': ['concrete', ' gray', ' wide']}, {'object_id': 3295938, 'name': 'stairs', 'bbox': [0, 197, 139, 247], 'area': 6950, 'attributes': ['stairs', ' concrete', ' gray', ' wide']}, {'object_id': 2722864, 'name': 'jeans', 'bbox': [263, 105, 330, 169], 'area': 4288, 'attributes': ['blue', ' denim', ' long']}, {'object_id': 2768955, 'name': 'cap', 'bbox': [282, 43, 352, 98], 'area': 3850, 'attributes': ['red', ' worn']}]",[]
2416838,"[{'object_id': 3445895, 'name': 'people', 'bbox': [199, 63, 491, 310], 'area': 72124, 'attributes': ['busy', ' getting haircut']}, {'object_id': 3192024, 'name': 'people', 'bbox': [238, 35, 463, 302], 'area': 60075, 'attributes': ['busy', ' working', ' attentive']}, {'object_id': 3271986, 'name': 'mirror', 'bbox': [29, 61, 95, 205], 'area': 9504, 'attributes': ['rectangular', ' small', ' dirty', ' reflective']}, {'object_id': 3027409, 'name': 'water spray', 'bbox': [52, 133, 92, 240], 'area': 4280, 'attributes': ['yellow', ' plastic', ' spray', ' bottle']}]",[]
2352671,"[{'object_id': 2142260, 'name': 'locomotive', 'bbox': [47, 22, 482, 301], 'area': 121365, 'attributes': ['old', ' black', ' large', ' powerful']}, {'object_id': 2429465, 'name': 'train', 'bbox': [46, 64, 466, 316], 'area': 105840, 'attributes': ['black', ' old', ' steam']}, {'object_id': 2678437, 'name': 'roof', 'bbox': [112, 46, 337, 177], 'area': 29475, 'attributes': ['pitched', ' brown']}, {'object_id': 3582284, 'name': 'engine', 'bbox': [80, 133, 208, 269], 'area': 17408, 'attributes': ['rusty', ' old', ' dirty', ' industrial']}, {'object_id': 1867893, 'name': 'sky', 'bbox': [325, 28, 460, 117], 'area': 12015, 'attributes': ['rusty', ' old', ' abandoned']}]",[]
2333624,"[{'object_id': 3418149, 'name': 'chainlink fence', 'bbox': [0, 10, 373, 354], 'area': 128312, 'attributes': ['rusty', ' bent', ' leaning']}, {'object_id': 3927480, 'name': 'parking lot', 'bbox': [2, 329, 373, 498], 'area': 62699, 'attributes': ['asphalt', ' cracked', ' empty']}, {'object_id': 3322298, 'name': 'pants', 'bbox': [159, 285, 349, 417], 'area': 25080, 'attributes': ['blue', ' long', ' sports']}, {'object_id': 3927486, 'name': 'pants', 'bbox': [185, 270, 317, 428], 'area': 20856, 'attributes': ['blue', ' long', ' sports']}, {'object_id': 3927481, 'name': 'grass', 'bbox': [4, 305, 373, 359], 'area': 19926, 'attributes': ['short', ' green']}]",[]
498069,"[{'object_id': 4419062, 'name': 'dump truck', 'bbox': [5, 145, 861, 560], 'area': 355240, 'attributes': ['green', ' dirty', ' long']}, {'object_id': 4419051, 'name': 'truck', 'bbox': [9, 152, 867, 557], 'area': 347490, 'attributes': ['green', ' garbage', ' truck']}, {'object_id': 4010274, 'name': 'garbage truck', 'bbox': [24, 142, 865, 503], 'area': 303601, 'attributes': ['green', ' parked', ' dirty']}, {'object_id': 4419076, 'name': 'building', 'bbox': [204, 3, 840, 274], 'area': 172356, 'attributes': ['green', ' reflective', ' tall']}, {'object_id': 4419077, 'name': 'windows', 'bbox': [212, 0, 515, 351], 'area': 106353, 'attributes': ['green', ' reflective', ' angled']}]",[]
2396086,"[{'object_id': 665326, 'name': 'slope', 'bbox': [36, 7, 495, 316], 'area': 141831, 'attributes': ['snowy', ' steep']}, {'object_id': 665328, 'name': 'snow', 'bbox': [56, 207, 341, 319], 'area': 31920, 'attributes': ['white', ' powdery']}, {'object_id': 665346, 'name': 'spray', 'bbox': [214, 155, 424, 288], 'area': 27930, 'attributes': ['white', ' powdery']}, {'object_id': 665341, 'name': 'suit', 'bbox': [93, 75, 225, 194], 'area': 15708, 'attributes': ['black', ' one-piece']}]",[]
2379376,"[{'object_id': 553280, 'name': 'rail', 'bbox': [7, 207, 344, 298], 'area': 30667, 'attributes': ['brown', ' wooden', ' horizontal']}, {'object_id': 553273, 'name': 'lettering', 'bbox': [21, 9, 222, 62], 'area': 10653, 'attributes': ['red', ' white', ' block']}, {'object_id': 553277, 'name': 'pole', 'bbox': [93, 131, 141, 336], 'area': 9840, 'attributes': ['metal', ' vertical']}, {'object_id': 553260, 'name': 'cat', 'bbox': [65, 342, 214, 402], 'area': 8940, 'attributes': ['black', ' lying down']}, {'object_id': 553282, 'name': 'chairs', 'bbox': [1, 248, 64, 353], 'area': 6615, 'attributes': ['black', ' wooden', ' empty']}]",[]
2367455,"[{'object_id': 2233585, 'name': 'wall', 'bbox': [2, 0, 456, 372], 'area': 168888, 'attributes': ['Two little boys', ' blonde', ' curly hair', ' green shirts', ' sitting on a toilet', ' brushing their teeth']}, {'object_id': 2545227, 'name': 'boy', 'bbox': [145, 19, 413, 373], 'area': 94872, 'attributes': ['boy: blond', ' smiling', ' barefoot']}, {'object_id': 1974824, 'name': 'kids', 'bbox': [137, 24, 381, 374], 'area': 85400, 'attributes': ['two', ' small', ' blonde', ' barefoot', ' casual']}]",[]
2359854,"[{'object_id': 2434634, 'name': 'green grass', 'bbox': [1, 1, 499, 265], 'area': 131472, 'attributes': ['baseball game: intense', ' exciting', ' competitive']}, {'object_id': 1826892, 'name': 'batter', 'bbox': [237, 82, 446, 344], 'area': 54758, 'attributes': ['batter: ready', ' focused', ' intense']}]",[]
2350606,[],[]
2350201,"[{'object_id': 869547, 'name': 'bathroom', 'bbox': [31, 24, 490, 374], 'area': 160650, 'attributes': ['pink', ' retro', ' cluttered', ' creepy']}, {'object_id': 869548, 'name': 'mannequins', 'bbox': [40, 71, 229, 284], 'area': 40257, 'attributes': ['plastic', ' naked', ' pink', ' high-heeled', ' crossed', ' sitting', ' bathtub']}]",[]
2329262,"[{'object_id': 3446824, 'name': 'field', 'bbox': [1, 102, 498, 328], 'area': 112322, 'attributes': ['grassy', ' green', ' rectangular']}, {'object_id': 3224095, 'name': 'sky', 'bbox': [2, 3, 496, 111], 'area': 53352, 'attributes': ['green', ' grass', ' soccer', ' field']}, {'object_id': 3362428, 'name': 'sky', 'bbox': [26, 20, 498, 111], 'area': 42952, 'attributes': ['blue', ' clear']}, {'object_id': 3440748, 'name': 'boy', 'bbox': [187, 114, 337, 314], 'area': 30000, 'attributes': ['boy: black', ' yellow', ' soccer']}, {'object_id': 2898965, 'name': 'trees', 'bbox': [0, 76, 500, 98], 'area': 11000, 'attributes': ['green', ' tall']}]","[{'subject_id': 2993729, 'object_id': 2993730, 'relationships': ['on', ' above']}]"
